"category","matches","percentage","module","article","total_matches_article","module_total","total_words","prop_article","prop_module","matches_per_1000w"
"Deep uncertainty",52,100,"Uncertainty_Types","A general methodology for adaptative planning of urban water systems under deep uncertainty.pdf",111,52,6468,46.85,100,8.04
"Injectors",20,39.2,"Decision_Actors","A general methodology for adaptative planning of urban water systems under deep uncertainty.pdf",111,51,6468,18.02,39.22,3.09
"Beneficiaries",14,27.5,"Decision_Actors","A general methodology for adaptative planning of urban water systems under deep uncertainty.pdf",111,51,6468,12.61,27.45,2.16
"Affected",9,17.6,"Decision_Actors","A general methodology for adaptative planning of urban water systems under deep uncertainty.pdf",111,51,6468,8.11,17.65,1.39
"Regulators",3,5.9,"Decision_Actors","A general methodology for adaptative planning of urban water systems under deep uncertainty.pdf",111,51,6468,2.7,5.88,0.46
"Influencers",5,9.8,"Decision_Actors","A general methodology for adaptative planning of urban water systems under deep uncertainty.pdf",111,51,6468,4.5,9.8,0.77
"Information",5,62.5,"Participation_Levels","A general methodology for adaptative planning of urban water systems under deep uncertainty.pdf",111,8,6468,4.5,62.5,0.77
"Consultation",1,12.5,"Participation_Levels","A general methodology for adaptative planning of urban water systems under deep uncertainty.pdf",111,8,6468,0.9,12.5,0.15
"Collaboration",2,25,"Participation_Levels","A general methodology for adaptative planning of urban water systems under deep uncertainty.pdf",111,8,6468,1.8,25,0.31
"Extractors",3,1,"Decision_Actors","A Green Costa Rican COVID-19 Recovery.pdf",383,290,24270,0.78,1.03,0.12
"Injectors",27,9.3,"Decision_Actors","A Green Costa Rican COVID-19 Recovery.pdf",383,290,24270,7.05,9.31,1.11
"Beneficiaries",103,35.5,"Decision_Actors","A Green Costa Rican COVID-19 Recovery.pdf",383,290,24270,26.89,35.52,4.24
"Affected",50,17.2,"Decision_Actors","A Green Costa Rican COVID-19 Recovery.pdf",383,290,24270,13.05,17.24,2.06
"Regulators",97,33.4,"Decision_Actors","A Green Costa Rican COVID-19 Recovery.pdf",383,290,24270,25.33,33.45,4
"Influencers",10,3.4,"Decision_Actors","A Green Costa Rican COVID-19 Recovery.pdf",383,290,24270,2.61,3.45,0.41
"Information",67,72,"Participation_Levels","A Green Costa Rican COVID-19 Recovery.pdf",383,93,24270,17.49,72.04,2.76
"Consultation",3,3.2,"Participation_Levels","A Green Costa Rican COVID-19 Recovery.pdf",383,93,24270,0.78,3.23,0.12
"Collaboration",17,18.3,"Participation_Levels","A Green Costa Rican COVID-19 Recovery.pdf",383,93,24270,4.44,18.28,0.7
"Empowerment",6,6.5,"Participation_Levels","A Green Costa Rican COVID-19 Recovery.pdf",383,93,24270,1.57,6.45,0.25
"Affected",5,25,"Decision_Actors","A multi-objective model for sustainable reverse.pdf",26,20,3255,19.23,25,1.54
"Regulators",15,75,"Decision_Actors","A multi-objective model for sustainable reverse.pdf",26,20,3255,57.69,75,4.61
"Information",6,100,"Participation_Levels","A multi-objective model for sustainable reverse.pdf",26,6,3255,23.08,100,1.84
"Injectors",4,12.1,"Decision_Actors","A multi-objective solution approach for the design of a sustainable and robust.pdf",46,33,10445,8.7,12.12,0.38
"Beneficiaries",14,42.4,"Decision_Actors","A multi-objective solution approach for the design of a sustainable and robust.pdf",46,33,10445,30.43,42.42,1.34
"Affected",5,15.2,"Decision_Actors","A multi-objective solution approach for the design of a sustainable and robust.pdf",46,33,10445,10.87,15.15,0.48
"Regulators",5,15.2,"Decision_Actors","A multi-objective solution approach for the design of a sustainable and robust.pdf",46,33,10445,10.87,15.15,0.48
"Influencers",5,15.2,"Decision_Actors","A multi-objective solution approach for the design of a sustainable and robust.pdf",46,33,10445,10.87,15.15,0.48
"Information",6,54.5,"Participation_Levels","A multi-objective solution approach for the design of a sustainable and robust.pdf",46,11,10445,13.04,54.55,0.57
"Consultation",1,9.1,"Participation_Levels","A multi-objective solution approach for the design of a sustainable and robust.pdf",46,11,10445,2.17,9.09,0.1
"Collaboration",1,9.1,"Participation_Levels","A multi-objective solution approach for the design of a sustainable and robust.pdf",46,11,10445,2.17,9.09,0.1
"Co-decision",3,27.3,"Participation_Levels","A multi-objective solution approach for the design of a sustainable and robust.pdf",46,11,10445,6.52,27.27,0.29
"Methodological",2,100,"Challenges","A multi-objective solution approach for the design of a sustainable and robust.pdf",46,2,10445,4.35,100,0.19
"Extractors",32,74.4,"Decision_Actors","Accounting for multiple ecosystem services in a simulation ofland-use decisions Does it reduce tropical deforestation.pdf",84,43,10628,38.1,74.42,3.01
"Injectors",1,2.3,"Decision_Actors","Accounting for multiple ecosystem services in a simulation ofland-use decisions Does it reduce tropical deforestation.pdf",84,43,10628,1.19,2.33,0.09
"Beneficiaries",1,2.3,"Decision_Actors","Accounting for multiple ecosystem services in a simulation ofland-use decisions Does it reduce tropical deforestation.pdf",84,43,10628,1.19,2.33,0.09
"Affected",2,4.7,"Decision_Actors","Accounting for multiple ecosystem services in a simulation ofland-use decisions Does it reduce tropical deforestation.pdf",84,43,10628,2.38,4.65,0.19
"Influencers",7,16.3,"Decision_Actors","Accounting for multiple ecosystem services in a simulation ofland-use decisions Does it reduce tropical deforestation.pdf",84,43,10628,8.33,16.28,0.66
"Information",21,55.3,"Participation_Levels","Accounting for multiple ecosystem services in a simulation ofland-use decisions Does it reduce tropical deforestation.pdf",84,38,10628,25,55.26,1.98
"Consultation",14,36.8,"Participation_Levels","Accounting for multiple ecosystem services in a simulation ofland-use decisions Does it reduce tropical deforestation.pdf",84,38,10628,16.67,36.84,1.32
"Co-decision",3,7.9,"Participation_Levels","Accounting for multiple ecosystem services in a simulation ofland-use decisions Does it reduce tropical deforestation.pdf",84,38,10628,3.57,7.89,0.28
"Methodological",1,33.3,"Challenges","Accounting for multiple ecosystem services in a simulation ofland-use decisions Does it reduce tropical deforestation.pdf",84,3,10628,1.19,33.33,0.09
"Methodological",1,33.3,"Challenges","Accounting for multiple ecosystem services in a simulation ofland-use decisions Does it reduce tropical deforestation.pdf",84,3,10628,1.19,33.33,0.09
"Methodological",1,33.3,"Challenges","Accounting for multiple ecosystem services in a simulation ofland-use decisions Does it reduce tropical deforestation.pdf",84,3,10628,1.19,33.33,0.09
"Knightian",1,3.7,"Uncertainty_Types","Addressing-uncertainty-in-Participatory-Integrated-Assessment-qualitative-modeling-approach-for-risk-estimationRegional-Environmental-Change (1).pdf",101,27,6014,0.99,3.7,0.17
"Ontological",1,3.7,"Uncertainty_Types","Addressing-uncertainty-in-Participatory-Integrated-Assessment-qualitative-modeling-approach-for-risk-estimationRegional-Environmental-Change (1).pdf",101,27,6014,0.99,3.7,0.17
"Deep uncertainty",16,59.3,"Uncertainty_Types","Addressing-uncertainty-in-Participatory-Integrated-Assessment-qualitative-modeling-approach-for-risk-estimationRegional-Environmental-Change (1).pdf",101,27,6014,15.84,59.26,2.66
"Epistemic",4,14.8,"Uncertainty_Types","Addressing-uncertainty-in-Participatory-Integrated-Assessment-qualitative-modeling-approach-for-risk-estimationRegional-Environmental-Change (1).pdf",101,27,6014,3.96,14.81,0.67
"Normative",1,3.7,"Uncertainty_Types","Addressing-uncertainty-in-Participatory-Integrated-Assessment-qualitative-modeling-approach-for-risk-estimationRegional-Environmental-Change (1).pdf",101,27,6014,0.99,3.7,0.17
"Ambiguity",4,14.8,"Uncertainty_Types","Addressing-uncertainty-in-Participatory-Integrated-Assessment-qualitative-modeling-approach-for-risk-estimationRegional-Environmental-Change (1).pdf",101,27,6014,3.96,14.81,0.67
"Injectors",1,3.7,"Decision_Actors","Addressing-uncertainty-in-Participatory-Integrated-Assessment-qualitative-modeling-approach-for-risk-estimationRegional-Environmental-Change (1).pdf",101,27,6014,0.99,3.7,0.17
"Beneficiaries",4,14.8,"Decision_Actors","Addressing-uncertainty-in-Participatory-Integrated-Assessment-qualitative-modeling-approach-for-risk-estimationRegional-Environmental-Change (1).pdf",101,27,6014,3.96,14.81,0.67
"Affected",2,7.4,"Decision_Actors","Addressing-uncertainty-in-Participatory-Integrated-Assessment-qualitative-modeling-approach-for-risk-estimationRegional-Environmental-Change (1).pdf",101,27,6014,1.98,7.41,0.33
"Regulators",4,14.8,"Decision_Actors","Addressing-uncertainty-in-Participatory-Integrated-Assessment-qualitative-modeling-approach-for-risk-estimationRegional-Environmental-Change (1).pdf",101,27,6014,3.96,14.81,0.67
"Influencers",16,59.3,"Decision_Actors","Addressing-uncertainty-in-Participatory-Integrated-Assessment-qualitative-modeling-approach-for-risk-estimationRegional-Environmental-Change (1).pdf",101,27,6014,15.84,59.26,2.66
"Information",15,31.9,"Participation_Levels","Addressing-uncertainty-in-Participatory-Integrated-Assessment-qualitative-modeling-approach-for-risk-estimationRegional-Environmental-Change (1).pdf",101,47,6014,14.85,31.91,2.49
"Consultation",3,6.4,"Participation_Levels","Addressing-uncertainty-in-Participatory-Integrated-Assessment-qualitative-modeling-approach-for-risk-estimationRegional-Environmental-Change (1).pdf",101,47,6014,2.97,6.38,0.5
"Collaboration",28,59.6,"Participation_Levels","Addressing-uncertainty-in-Participatory-Integrated-Assessment-qualitative-modeling-approach-for-risk-estimationRegional-Environmental-Change (1).pdf",101,47,6014,27.72,59.57,4.66
"Co-decision",1,2.1,"Participation_Levels","Addressing-uncertainty-in-Participatory-Integrated-Assessment-qualitative-modeling-approach-for-risk-estimationRegional-Environmental-Change (1).pdf",101,47,6014,0.99,2.13,0.17
"Extractors",4,19,"Decision_Actors","An-Integrated-Approach-to-Assess-the-Water-Efficiency-of-Introducing-Best-Management-Practices-An-Application-to-Sugarcane-Mechanisation-in-BrazilWater-Switzerland.pdf",28,21,9113,14.29,19.05,0.44
"Beneficiaries",4,19,"Decision_Actors","An-Integrated-Approach-to-Assess-the-Water-Efficiency-of-Introducing-Best-Management-Practices-An-Application-to-Sugarcane-Mechanisation-in-BrazilWater-Switzerland.pdf",28,21,9113,14.29,19.05,0.44
"Affected",1,4.8,"Decision_Actors","An-Integrated-Approach-to-Assess-the-Water-Efficiency-of-Introducing-Best-Management-Practices-An-Application-to-Sugarcane-Mechanisation-in-BrazilWater-Switzerland.pdf",28,21,9113,3.57,4.76,0.11
"Regulators",11,52.4,"Decision_Actors","An-Integrated-Approach-to-Assess-the-Water-Efficiency-of-Introducing-Best-Management-Practices-An-Application-to-Sugarcane-Mechanisation-in-BrazilWater-Switzerland.pdf",28,21,9113,39.29,52.38,1.21
"Influencers",1,4.8,"Decision_Actors","An-Integrated-Approach-to-Assess-the-Water-Efficiency-of-Introducing-Best-Management-Practices-An-Application-to-Sugarcane-Mechanisation-in-BrazilWater-Switzerland.pdf",28,21,9113,3.57,4.76,0.11
"Information",6,85.7,"Participation_Levels","An-Integrated-Approach-to-Assess-the-Water-Efficiency-of-Introducing-Best-Management-Practices-An-Application-to-Sugarcane-Mechanisation-in-BrazilWater-Switzerland.pdf",28,7,9113,21.43,85.71,0.66
"Consultation",1,14.3,"Participation_Levels","An-Integrated-Approach-to-Assess-the-Water-Efficiency-of-Introducing-Best-Management-Practices-An-Application-to-Sugarcane-Mechanisation-in-BrazilWater-Switzerland.pdf",28,7,9113,3.57,14.29,0.11
"Ontological",2,11.8,"Uncertainty_Types","Application of Exploratory Modeling in Support of Transdisciplinary Inquiry.pdf",159,17,7357,1.26,11.76,0.27
"Deep uncertainty",14,82.4,"Uncertainty_Types","Application of Exploratory Modeling in Support of Transdisciplinary Inquiry.pdf",159,17,7357,8.81,82.35,1.9
"Ambiguity",1,5.9,"Uncertainty_Types","Application of Exploratory Modeling in Support of Transdisciplinary Inquiry.pdf",159,17,7357,0.63,5.88,0.14
"Extractors",53,50,"Decision_Actors","Application of Exploratory Modeling in Support of Transdisciplinary Inquiry.pdf",159,106,7357,33.33,50,7.2
"Beneficiaries",5,4.7,"Decision_Actors","Application of Exploratory Modeling in Support of Transdisciplinary Inquiry.pdf",159,106,7357,3.14,4.72,0.68
"Affected",6,5.7,"Decision_Actors","Application of Exploratory Modeling in Support of Transdisciplinary Inquiry.pdf",159,106,7357,3.77,5.66,0.82
"Regulators",32,30.2,"Decision_Actors","Application of Exploratory Modeling in Support of Transdisciplinary Inquiry.pdf",159,106,7357,20.13,30.19,4.35
"Influencers",10,9.4,"Decision_Actors","Application of Exploratory Modeling in Support of Transdisciplinary Inquiry.pdf",159,106,7357,6.29,9.43,1.36
"Information",13,41.9,"Participation_Levels","Application of Exploratory Modeling in Support of Transdisciplinary Inquiry.pdf",159,31,7357,8.18,41.94,1.77
"Consultation",5,16.1,"Participation_Levels","Application of Exploratory Modeling in Support of Transdisciplinary Inquiry.pdf",159,31,7357,3.14,16.13,0.68
"Collaboration",9,29,"Participation_Levels","Application of Exploratory Modeling in Support of Transdisciplinary Inquiry.pdf",159,31,7357,5.66,29.03,1.22
"Co-decision",4,12.9,"Participation_Levels","Application of Exploratory Modeling in Support of Transdisciplinary Inquiry.pdf",159,31,7357,2.52,12.9,0.54
"Institutional",4,80,"Challenges","Application of Exploratory Modeling in Support of Transdisciplinary Inquiry.pdf",159,5,7357,2.52,80,0.54
"Methodological",1,20,"Challenges","Application of Exploratory Modeling in Support of Transdisciplinary Inquiry.pdf",159,5,7357,0.63,20,0.14
"Beneficiaries",4,6.9,"Decision_Actors","Argentina-Poverty-and-Macro-Economic-Impacts-of-Climate-Shocks.pdf",83,58,14932,4.82,6.9,0.27
"Affected",10,17.2,"Decision_Actors","Argentina-Poverty-and-Macro-Economic-Impacts-of-Climate-Shocks.pdf",83,58,14932,12.05,17.24,0.67
"Influencers",44,75.9,"Decision_Actors","Argentina-Poverty-and-Macro-Economic-Impacts-of-Climate-Shocks.pdf",83,58,14932,53.01,75.86,2.95
"Information",25,100,"Participation_Levels","Argentina-Poverty-and-Macro-Economic-Impacts-of-Climate-Shocks.pdf",83,25,14932,30.12,100,1.67
"Ontological",5,83.3,"Uncertainty_Types","Assessing uncertainties in surface water security An empirical multimodel approach.pdf",55,6,7039,9.09,83.33,0.71
"Deep uncertainty",1,16.7,"Uncertainty_Types","Assessing uncertainties in surface water security An empirical multimodel approach.pdf",55,6,7039,1.82,16.67,0.14
"Injectors",1,6.2,"Decision_Actors","Assessing uncertainties in surface water security An empirical multimodel approach.pdf",55,16,7039,1.82,6.25,0.14
"Beneficiaries",7,43.8,"Decision_Actors","Assessing uncertainties in surface water security An empirical multimodel approach.pdf",55,16,7039,12.73,43.75,0.99
"Influencers",8,50,"Decision_Actors","Assessing uncertainties in surface water security An empirical multimodel approach.pdf",55,16,7039,14.55,50,1.14
"Information",5,71.4,"Participation_Levels","Assessing uncertainties in surface water security An empirical multimodel approach.pdf",55,7,7039,9.09,71.43,0.71
"Collaboration",1,14.3,"Participation_Levels","Assessing uncertainties in surface water security An empirical multimodel approach.pdf",55,7,7039,1.82,14.29,0.14
"Co-decision",1,14.3,"Participation_Levels","Assessing uncertainties in surface water security An empirical multimodel approach.pdf",55,7,7039,1.82,14.29,0.14
"Institutional",8,30.8,"Challenges","Assessing uncertainties in surface water security An empirical multimodel approach.pdf",55,26,7039,14.55,30.77,1.14
"Methodological",6,23.1,"Challenges","Assessing uncertainties in surface water security An empirical multimodel approach.pdf",55,26,7039,10.91,23.08,0.85
"Methodological",6,23.1,"Challenges","Assessing uncertainties in surface water security An empirical multimodel approach.pdf",55,26,7039,10.91,23.08,0.85
"Methodological",6,23.1,"Challenges","Assessing uncertainties in surface water security An empirical multimodel approach.pdf",55,26,7039,10.91,23.08,0.85
"Deep uncertainty",9,100,"Uncertainty_Types","Background Note 4. Unconventional Oil and Gas Development in Argentina.pdf",140,9,10831,6.43,100,0.83
"Extractors",4,3.1,"Decision_Actors","Background Note 4. Unconventional Oil and Gas Development in Argentina.pdf",140,128,10831,2.86,3.12,0.37
"Injectors",14,10.9,"Decision_Actors","Background Note 4. Unconventional Oil and Gas Development in Argentina.pdf",140,128,10831,10,10.94,1.29
"Beneficiaries",38,29.7,"Decision_Actors","Background Note 4. Unconventional Oil and Gas Development in Argentina.pdf",140,128,10831,27.14,29.69,3.51
"Affected",6,4.7,"Decision_Actors","Background Note 4. Unconventional Oil and Gas Development in Argentina.pdf",140,128,10831,4.29,4.69,0.55
"Regulators",44,34.4,"Decision_Actors","Background Note 4. Unconventional Oil and Gas Development in Argentina.pdf",140,128,10831,31.43,34.38,4.06
"Influencers",22,17.2,"Decision_Actors","Background Note 4. Unconventional Oil and Gas Development in Argentina.pdf",140,128,10831,15.71,17.19,2.03
"Information",1,50,"Participation_Levels","Background Note 4. Unconventional Oil and Gas Development in Argentina.pdf",140,2,10831,0.71,50,0.09
"Collaboration",1,50,"Participation_Levels","Background Note 4. Unconventional Oil and Gas Development in Argentina.pdf",140,2,10831,0.71,50,0.09
"Institutional",1,100,"Challenges","Background Note 4. Unconventional Oil and Gas Development in Argentina.pdf",140,1,10831,0.71,100,0.09
"Knightian",1,33.3,"Uncertainty_Types","Bringing ecosystem services into forest planning.pdf",162,3,10469,0.62,33.33,0.1
"Deep uncertainty",2,66.7,"Uncertainty_Types","Bringing ecosystem services into forest planning.pdf",162,3,10469,1.23,66.67,0.19
"Extractors",6,5.7,"Decision_Actors","Bringing ecosystem services into forest planning.pdf",162,105,10469,3.7,5.71,0.57
"Beneficiaries",5,4.8,"Decision_Actors","Bringing ecosystem services into forest planning.pdf",162,105,10469,3.09,4.76,0.48
"Affected",3,2.9,"Decision_Actors","Bringing ecosystem services into forest planning.pdf",162,105,10469,1.85,2.86,0.29
"Regulators",2,1.9,"Decision_Actors","Bringing ecosystem services into forest planning.pdf",162,105,10469,1.23,1.9,0.19
"Influencers",89,84.8,"Decision_Actors","Bringing ecosystem services into forest planning.pdf",162,105,10469,54.94,84.76,8.5
"Information",25,46.3,"Participation_Levels","Bringing ecosystem services into forest planning.pdf",162,54,10469,15.43,46.3,2.39
"Consultation",20,37,"Participation_Levels","Bringing ecosystem services into forest planning.pdf",162,54,10469,12.35,37.04,1.91
"Collaboration",4,7.4,"Participation_Levels","Bringing ecosystem services into forest planning.pdf",162,54,10469,2.47,7.41,0.38
"Co-decision",5,9.3,"Participation_Levels","Bringing ecosystem services into forest planning.pdf",162,54,10469,3.09,9.26,0.48
"Ontological",1,5.3,"Uncertainty_Types","Challenges-and-opportunities-for-universities-in-building-adaptive-capacities-for-sustainability-lessons-from-Mexico-Central-America-and-the-CaribbeanClimate-Policy.pdf",229,19,6638,0.44,5.26,0.15
"Deep uncertainty",18,94.7,"Uncertainty_Types","Challenges-and-opportunities-for-universities-in-building-adaptive-capacities-for-sustainability-lessons-from-Mexico-Central-America-and-the-CaribbeanClimate-Policy.pdf",229,19,6638,7.86,94.74,2.71
"Injectors",3,2.9,"Decision_Actors","Challenges-and-opportunities-for-universities-in-building-adaptive-capacities-for-sustainability-lessons-from-Mexico-Central-America-and-the-CaribbeanClimate-Policy.pdf",229,102,6638,1.31,2.94,0.45
"Beneficiaries",43,42.2,"Decision_Actors","Challenges-and-opportunities-for-universities-in-building-adaptive-capacities-for-sustainability-lessons-from-Mexico-Central-America-and-the-CaribbeanClimate-Policy.pdf",229,102,6638,18.78,42.16,6.48
"Affected",6,5.9,"Decision_Actors","Challenges-and-opportunities-for-universities-in-building-adaptive-capacities-for-sustainability-lessons-from-Mexico-Central-America-and-the-CaribbeanClimate-Policy.pdf",229,102,6638,2.62,5.88,0.9
"Regulators",24,23.5,"Decision_Actors","Challenges-and-opportunities-for-universities-in-building-adaptive-capacities-for-sustainability-lessons-from-Mexico-Central-America-and-the-CaribbeanClimate-Policy.pdf",229,102,6638,10.48,23.53,3.62
"Influencers",26,25.5,"Decision_Actors","Challenges-and-opportunities-for-universities-in-building-adaptive-capacities-for-sustainability-lessons-from-Mexico-Central-America-and-the-CaribbeanClimate-Policy.pdf",229,102,6638,11.35,25.49,3.92
"Information",28,26.7,"Participation_Levels","Challenges-and-opportunities-for-universities-in-building-adaptive-capacities-for-sustainability-lessons-from-Mexico-Central-America-and-the-CaribbeanClimate-Policy.pdf",229,105,6638,12.23,26.67,4.22
"Collaboration",68,64.8,"Participation_Levels","Challenges-and-opportunities-for-universities-in-building-adaptive-capacities-for-sustainability-lessons-from-Mexico-Central-America-and-the-CaribbeanClimate-Policy.pdf",229,105,6638,29.69,64.76,10.24
"Co-decision",9,8.6,"Participation_Levels","Challenges-and-opportunities-for-universities-in-building-adaptive-capacities-for-sustainability-lessons-from-Mexico-Central-America-and-the-CaribbeanClimate-Policy.pdf",229,105,6638,3.93,8.57,1.36
"Methodological",1,33.3,"Challenges","Challenges-and-opportunities-for-universities-in-building-adaptive-capacities-for-sustainability-lessons-from-Mexico-Central-America-and-the-CaribbeanClimate-Policy.pdf",229,3,6638,0.44,33.33,0.15
"Methodological",1,33.3,"Challenges","Challenges-and-opportunities-for-universities-in-building-adaptive-capacities-for-sustainability-lessons-from-Mexico-Central-America-and-the-CaribbeanClimate-Policy.pdf",229,3,6638,0.44,33.33,0.15
"Methodological",1,33.3,"Challenges","Challenges-and-opportunities-for-universities-in-building-adaptive-capacities-for-sustainability-lessons-from-Mexico-Central-America-and-the-CaribbeanClimate-Policy.pdf",229,3,6638,0.44,33.33,0.15
"Injectors",12,18.8,"Decision_Actors","Como-priorizar-la-inversion-para-fortalecer-la-resiliencia-al-cambio-climatico-de-la-red-de-transporte-de-Republica-Dominicana (1).pdf",77,64,10800,15.58,18.75,1.11
"Beneficiaries",13,20.3,"Decision_Actors","Como-priorizar-la-inversion-para-fortalecer-la-resiliencia-al-cambio-climatico-de-la-red-de-transporte-de-Republica-Dominicana (1).pdf",77,64,10800,16.88,20.31,1.2
"Affected",4,6.2,"Decision_Actors","Como-priorizar-la-inversion-para-fortalecer-la-resiliencia-al-cambio-climatico-de-la-red-de-transporte-de-Republica-Dominicana (1).pdf",77,64,10800,5.19,6.25,0.37
"Regulators",7,10.9,"Decision_Actors","Como-priorizar-la-inversion-para-fortalecer-la-resiliencia-al-cambio-climatico-de-la-red-de-transporte-de-Republica-Dominicana (1).pdf",77,64,10800,9.09,10.94,0.65
"Influencers",28,43.8,"Decision_Actors","Como-priorizar-la-inversion-para-fortalecer-la-resiliencia-al-cambio-climatico-de-la-red-de-transporte-de-Republica-Dominicana (1).pdf",77,64,10800,36.36,43.75,2.59
"Information",13,100,"Participation_Levels","Como-priorizar-la-inversion-para-fortalecer-la-resiliencia-al-cambio-climatico-de-la-red-de-transporte-de-Republica-Dominicana (1).pdf",77,13,10800,16.88,100,1.2
"Injectors",12,18.8,"Decision_Actors","Como-priorizar-la-inversion-para-fortalecer-la-resiliencia-al-cambio-climatico-de-la-red-de-transporte-de-Republica-Dominicana.pdf",77,64,10800,15.58,18.75,1.11
"Beneficiaries",13,20.3,"Decision_Actors","Como-priorizar-la-inversion-para-fortalecer-la-resiliencia-al-cambio-climatico-de-la-red-de-transporte-de-Republica-Dominicana.pdf",77,64,10800,16.88,20.31,1.2
"Affected",4,6.2,"Decision_Actors","Como-priorizar-la-inversion-para-fortalecer-la-resiliencia-al-cambio-climatico-de-la-red-de-transporte-de-Republica-Dominicana.pdf",77,64,10800,5.19,6.25,0.37
"Regulators",7,10.9,"Decision_Actors","Como-priorizar-la-inversion-para-fortalecer-la-resiliencia-al-cambio-climatico-de-la-red-de-transporte-de-Republica-Dominicana.pdf",77,64,10800,9.09,10.94,0.65
"Influencers",28,43.8,"Decision_Actors","Como-priorizar-la-inversion-para-fortalecer-la-resiliencia-al-cambio-climatico-de-la-red-de-transporte-de-Republica-Dominicana.pdf",77,64,10800,36.36,43.75,2.59
"Information",13,100,"Participation_Levels","Como-priorizar-la-inversion-para-fortalecer-la-resiliencia-al-cambio-climatico-de-la-red-de-transporte-de-Republica-Dominicana.pdf",77,13,10800,16.88,100,1.2
"Ontological",12,30,"Uncertainty_Types","Comparing model complexity for glacio-hydrological simulation.pdf",158,40,9710,7.59,30,1.24
"Deep uncertainty",6,15,"Uncertainty_Types","Comparing model complexity for glacio-hydrological simulation.pdf",158,40,9710,3.8,15,0.62
"Epistemic",22,55,"Uncertainty_Types","Comparing model complexity for glacio-hydrological simulation.pdf",158,40,9710,13.92,55,2.27
"Extractors",43,47.3,"Decision_Actors","Comparing model complexity for glacio-hydrological simulation.pdf",158,91,9710,27.22,47.25,4.43
"Beneficiaries",9,9.9,"Decision_Actors","Comparing model complexity for glacio-hydrological simulation.pdf",158,91,9710,5.7,9.89,0.93
"Affected",7,7.7,"Decision_Actors","Comparing model complexity for glacio-hydrological simulation.pdf",158,91,9710,4.43,7.69,0.72
"Regulators",6,6.6,"Decision_Actors","Comparing model complexity for glacio-hydrological simulation.pdf",158,91,9710,3.8,6.59,0.62
"Influencers",26,28.6,"Decision_Actors","Comparing model complexity for glacio-hydrological simulation.pdf",158,91,9710,16.46,28.57,2.68
"Information",3,60,"Participation_Levels","Comparing model complexity for glacio-hydrological simulation.pdf",158,5,9710,1.9,60,0.31
"Collaboration",1,20,"Participation_Levels","Comparing model complexity for glacio-hydrological simulation.pdf",158,5,9710,0.63,20,0.1
"Co-decision",1,20,"Participation_Levels","Comparing model complexity for glacio-hydrological simulation.pdf",158,5,9710,0.63,20,0.1
"Epistemological",1,4.5,"Challenges","Comparing model complexity for glacio-hydrological simulation.pdf",158,22,9710,0.63,4.55,0.1
"Methodological",21,95.5,"Challenges","Comparing model complexity for glacio-hydrological simulation.pdf",158,22,9710,13.29,95.45,2.16
"Deep uncertainty",4,100,"Uncertainty_Types","Costos-y-beneficios-de-la-carbono-neutralidad-en-Peru-Una-evaluacion-robusta.pdf",404,4,50740,0.99,100,0.08
"Extractors",16,4.9,"Decision_Actors","Costos-y-beneficios-de-la-carbono-neutralidad-en-Peru-Una-evaluacion-robusta.pdf",404,326,50740,3.96,4.91,0.32
"Injectors",4,1.2,"Decision_Actors","Costos-y-beneficios-de-la-carbono-neutralidad-en-Peru-Una-evaluacion-robusta.pdf",404,326,50740,0.99,1.23,0.08
"Beneficiaries",17,5.2,"Decision_Actors","Costos-y-beneficios-de-la-carbono-neutralidad-en-Peru-Una-evaluacion-robusta.pdf",404,326,50740,4.21,5.21,0.34
"Affected",55,16.9,"Decision_Actors","Costos-y-beneficios-de-la-carbono-neutralidad-en-Peru-Una-evaluacion-robusta.pdf",404,326,50740,13.61,16.87,1.08
"Regulators",3,0.9,"Decision_Actors","Costos-y-beneficios-de-la-carbono-neutralidad-en-Peru-Una-evaluacion-robusta.pdf",404,326,50740,0.74,0.92,0.06
"Influencers",231,70.9,"Decision_Actors","Costos-y-beneficios-de-la-carbono-neutralidad-en-Peru-Una-evaluacion-robusta.pdf",404,326,50740,57.18,70.86,4.55
"Information",74,100,"Participation_Levels","Costos-y-beneficios-de-la-carbono-neutralidad-en-Peru-Una-evaluacion-robusta.pdf",404,74,50740,18.32,100,1.46
"Deep uncertainty",495,100,"Uncertainty_Types","Decision-making-under-deep-uncertainty-integration-into-long-term-power-systems-planning.pdf",762,495,30058,64.96,100,16.47
"Extractors",1,0.5,"Decision_Actors","Decision-making-under-deep-uncertainty-integration-into-long-term-power-systems-planning.pdf",762,208,30058,0.13,0.48,0.03
"Injectors",84,40.4,"Decision_Actors","Decision-making-under-deep-uncertainty-integration-into-long-term-power-systems-planning.pdf",762,208,30058,11.02,40.38,2.79
"Beneficiaries",32,15.4,"Decision_Actors","Decision-making-under-deep-uncertainty-integration-into-long-term-power-systems-planning.pdf",762,208,30058,4.2,15.38,1.06
"Affected",20,9.6,"Decision_Actors","Decision-making-under-deep-uncertainty-integration-into-long-term-power-systems-planning.pdf",762,208,30058,2.62,9.62,0.67
"Regulators",40,19.2,"Decision_Actors","Decision-making-under-deep-uncertainty-integration-into-long-term-power-systems-planning.pdf",762,208,30058,5.25,19.23,1.33
"Influencers",31,14.9,"Decision_Actors","Decision-making-under-deep-uncertainty-integration-into-long-term-power-systems-planning.pdf",762,208,30058,4.07,14.9,1.03
"Information",19,36.5,"Participation_Levels","Decision-making-under-deep-uncertainty-integration-into-long-term-power-systems-planning.pdf",762,52,30058,2.49,36.54,0.63
"Consultation",11,21.2,"Participation_Levels","Decision-making-under-deep-uncertainty-integration-into-long-term-power-systems-planning.pdf",762,52,30058,1.44,21.15,0.37
"Collaboration",21,40.4,"Participation_Levels","Decision-making-under-deep-uncertainty-integration-into-long-term-power-systems-planning.pdf",762,52,30058,2.76,40.38,0.7
"Co-decision",1,1.9,"Participation_Levels","Decision-making-under-deep-uncertainty-integration-into-long-term-power-systems-planning.pdf",762,52,30058,0.13,1.92,0.03
"Methodological",2,28.6,"Challenges","Decision-making-under-deep-uncertainty-integration-into-long-term-power-systems-planning.pdf",762,7,30058,0.26,28.57,0.07
"Methodological",2,28.6,"Challenges","Decision-making-under-deep-uncertainty-integration-into-long-term-power-systems-planning.pdf",762,7,30058,0.26,28.57,0.07
"Methodological",2,28.6,"Challenges","Decision-making-under-deep-uncertainty-integration-into-long-term-power-systems-planning.pdf",762,7,30058,0.26,28.57,0.07
"Temporal",1,14.3,"Challenges","Decision-making-under-deep-uncertainty-integration-into-long-term-power-systems-planning.pdf",762,7,30058,0.13,14.29,0.03
"Deep uncertainty",28,93.3,"Uncertainty_Types","Developing a Robust Water Strategy for Monterrey, Mexico.pdf",322,30,22536,8.7,93.33,1.24
"Normative",1,3.3,"Uncertainty_Types","Developing a Robust Water Strategy for Monterrey, Mexico.pdf",322,30,22536,0.31,3.33,0.04
"Ambiguity",1,3.3,"Uncertainty_Types","Developing a Robust Water Strategy for Monterrey, Mexico.pdf",322,30,22536,0.31,3.33,0.04
"Injectors",72,32.9,"Decision_Actors","Developing a Robust Water Strategy for Monterrey, Mexico.pdf",322,219,22536,22.36,32.88,3.19
"Beneficiaries",50,22.8,"Decision_Actors","Developing a Robust Water Strategy for Monterrey, Mexico.pdf",322,219,22536,15.53,22.83,2.22
"Affected",40,18.3,"Decision_Actors","Developing a Robust Water Strategy for Monterrey, Mexico.pdf",322,219,22536,12.42,18.26,1.77
"Regulators",38,17.4,"Decision_Actors","Developing a Robust Water Strategy for Monterrey, Mexico.pdf",322,219,22536,11.8,17.35,1.69
"Influencers",19,8.7,"Decision_Actors","Developing a Robust Water Strategy for Monterrey, Mexico.pdf",322,219,22536,5.9,8.68,0.84
"Information",37,51.4,"Participation_Levels","Developing a Robust Water Strategy for Monterrey, Mexico.pdf",322,72,22536,11.49,51.39,1.64
"Consultation",2,2.8,"Participation_Levels","Developing a Robust Water Strategy for Monterrey, Mexico.pdf",322,72,22536,0.62,2.78,0.09
"Collaboration",26,36.1,"Participation_Levels","Developing a Robust Water Strategy for Monterrey, Mexico.pdf",322,72,22536,8.07,36.11,1.15
"Co-decision",7,9.7,"Participation_Levels","Developing a Robust Water Strategy for Monterrey, Mexico.pdf",322,72,22536,2.17,9.72,0.31
"Temporal",1,100,"Challenges","Developing a Robust Water Strategy for Monterrey, Mexico.pdf",322,1,22536,0.31,100,0.04
"Deep uncertainty",4,100,"Uncertainty_Types","Drivers of Future Physical Water Scarcity and Its Economic Impacts in Latin America and the Caribbean.pdf",93,4,10440,4.3,100,0.38
"Extractors",2,4,"Decision_Actors","Drivers of Future Physical Water Scarcity and Its Economic Impacts in Latin America and the Caribbean.pdf",93,50,10440,2.15,4,0.19
"Injectors",4,8,"Decision_Actors","Drivers of Future Physical Water Scarcity and Its Economic Impacts in Latin America and the Caribbean.pdf",93,50,10440,4.3,8,0.38
"Beneficiaries",8,16,"Decision_Actors","Drivers of Future Physical Water Scarcity and Its Economic Impacts in Latin America and the Caribbean.pdf",93,50,10440,8.6,16,0.77
"Affected",4,8,"Decision_Actors","Drivers of Future Physical Water Scarcity and Its Economic Impacts in Latin America and the Caribbean.pdf",93,50,10440,4.3,8,0.38
"Influencers",32,64,"Decision_Actors","Drivers of Future Physical Water Scarcity and Its Economic Impacts in Latin America and the Caribbean.pdf",93,50,10440,34.41,64,3.07
"Information",37,94.9,"Participation_Levels","Drivers of Future Physical Water Scarcity and Its Economic Impacts in Latin America and the Caribbean.pdf",93,39,10440,39.78,94.87,3.54
"Collaboration",2,5.1,"Participation_Levels","Drivers of Future Physical Water Scarcity and Its Economic Impacts in Latin America and the Caribbean.pdf",93,39,10440,2.15,5.13,0.19
"Injectors",3,3.8,"Decision_Actors","Earthquake Decision-Making Tool for Humanitarian Logistics Network An Application in Popayan, Colombia.pdf",97,78,6716,3.09,3.85,0.45
"Beneficiaries",7,9,"Decision_Actors","Earthquake Decision-Making Tool for Humanitarian Logistics Network An Application in Popayan, Colombia.pdf",97,78,6716,7.22,8.97,1.04
"Affected",49,62.8,"Decision_Actors","Earthquake Decision-Making Tool for Humanitarian Logistics Network An Application in Popayan, Colombia.pdf",97,78,6716,50.52,62.82,7.3
"Regulators",7,9,"Decision_Actors","Earthquake Decision-Making Tool for Humanitarian Logistics Network An Application in Popayan, Colombia.pdf",97,78,6716,7.22,8.97,1.04
"Influencers",12,15.4,"Decision_Actors","Earthquake Decision-Making Tool for Humanitarian Logistics Network An Application in Popayan, Colombia.pdf",97,78,6716,12.37,15.38,1.79
"Information",7,43.8,"Participation_Levels","Earthquake Decision-Making Tool for Humanitarian Logistics Network An Application in Popayan, Colombia.pdf",97,16,6716,7.22,43.75,1.04
"Collaboration",6,37.5,"Participation_Levels","Earthquake Decision-Making Tool for Humanitarian Logistics Network An Application in Popayan, Colombia.pdf",97,16,6716,6.19,37.5,0.89
"Co-decision",3,18.8,"Participation_Levels","Earthquake Decision-Making Tool for Humanitarian Logistics Network An Application in Popayan, Colombia.pdf",97,16,6716,3.09,18.75,0.45
"Methodological",1,33.3,"Challenges","Earthquake Decision-Making Tool for Humanitarian Logistics Network An Application in Popayan, Colombia.pdf",97,3,6716,1.03,33.33,0.15
"Methodological",1,33.3,"Challenges","Earthquake Decision-Making Tool for Humanitarian Logistics Network An Application in Popayan, Colombia.pdf",97,3,6716,1.03,33.33,0.15
"Methodological",1,33.3,"Challenges","Earthquake Decision-Making Tool for Humanitarian Logistics Network An Application in Popayan, Colombia.pdf",97,3,6716,1.03,33.33,0.15
"Injectors",3,5.4,"Decision_Actors","Economic evaluation of decarbonizing the electricity sector in the Dominican Republic.pdf",77,56,5897,3.9,5.36,0.51
"Beneficiaries",45,80.4,"Decision_Actors","Economic evaluation of decarbonizing the electricity sector in the Dominican Republic.pdf",77,56,5897,58.44,80.36,7.63
"Affected",2,3.6,"Decision_Actors","Economic evaluation of decarbonizing the electricity sector in the Dominican Republic.pdf",77,56,5897,2.6,3.57,0.34
"Regulators",2,3.6,"Decision_Actors","Economic evaluation of decarbonizing the electricity sector in the Dominican Republic.pdf",77,56,5897,2.6,3.57,0.34
"Influencers",4,7.1,"Decision_Actors","Economic evaluation of decarbonizing the electricity sector in the Dominican Republic.pdf",77,56,5897,5.19,7.14,0.68
"Information",6,33.3,"Participation_Levels","Economic evaluation of decarbonizing the electricity sector in the Dominican Republic.pdf",77,18,5897,7.79,33.33,1.02
"Collaboration",12,66.7,"Participation_Levels","Economic evaluation of decarbonizing the electricity sector in the Dominican Republic.pdf",77,18,5897,15.58,66.67,2.03
"Methodological",1,33.3,"Challenges","Economic evaluation of decarbonizing the electricity sector in the Dominican Republic.pdf",77,3,5897,1.3,33.33,0.17
"Methodological",1,33.3,"Challenges","Economic evaluation of decarbonizing the electricity sector in the Dominican Republic.pdf",77,3,5897,1.3,33.33,0.17
"Methodological",1,33.3,"Challenges","Economic evaluation of decarbonizing the electricity sector in the Dominican Republic.pdf",77,3,5897,1.3,33.33,0.17
"Deep uncertainty",18,100,"Uncertainty_Types","Exploring Equity Challenges within DeeplyUncertain Water Supply Investment Pathwaysin the Federal District of Brazil.pdf",202,18,9542,8.91,100,1.89
"Injectors",134,78.8,"Decision_Actors","Exploring Equity Challenges within DeeplyUncertain Water Supply Investment Pathwaysin the Federal District of Brazil.pdf",202,170,9542,66.34,78.82,14.04
"Beneficiaries",2,1.2,"Decision_Actors","Exploring Equity Challenges within DeeplyUncertain Water Supply Investment Pathwaysin the Federal District of Brazil.pdf",202,170,9542,0.99,1.18,0.21
"Affected",14,8.2,"Decision_Actors","Exploring Equity Challenges within DeeplyUncertain Water Supply Investment Pathwaysin the Federal District of Brazil.pdf",202,170,9542,6.93,8.24,1.47
"Regulators",19,11.2,"Decision_Actors","Exploring Equity Challenges within DeeplyUncertain Water Supply Investment Pathwaysin the Federal District of Brazil.pdf",202,170,9542,9.41,11.18,1.99
"Influencers",1,0.6,"Decision_Actors","Exploring Equity Challenges within DeeplyUncertain Water Supply Investment Pathwaysin the Federal District of Brazil.pdf",202,170,9542,0.5,0.59,0.1
"Information",10,71.4,"Participation_Levels","Exploring Equity Challenges within DeeplyUncertain Water Supply Investment Pathwaysin the Federal District of Brazil.pdf",202,14,9542,4.95,71.43,1.05
"Consultation",1,7.1,"Participation_Levels","Exploring Equity Challenges within DeeplyUncertain Water Supply Investment Pathwaysin the Federal District of Brazil.pdf",202,14,9542,0.5,7.14,0.1
"Collaboration",3,21.4,"Participation_Levels","Exploring Equity Challenges within DeeplyUncertain Water Supply Investment Pathwaysin the Federal District of Brazil.pdf",202,14,9542,1.49,21.43,0.31
"Ontological",1,100,"Uncertainty_Types","Exploring sustainable electricity system development pathways in South America’s MERCOSUR sub-region.pdf",30,1,9655,3.33,100,0.1
"Injectors",12,48,"Decision_Actors","Exploring sustainable electricity system development pathways in South America’s MERCOSUR sub-region.pdf",30,25,9655,40,48,1.24
"Affected",4,16,"Decision_Actors","Exploring sustainable electricity system development pathways in South America’s MERCOSUR sub-region.pdf",30,25,9655,13.33,16,0.41
"Regulators",7,28,"Decision_Actors","Exploring sustainable electricity system development pathways in South America’s MERCOSUR sub-region.pdf",30,25,9655,23.33,28,0.73
"Influencers",2,8,"Decision_Actors","Exploring sustainable electricity system development pathways in South America’s MERCOSUR sub-region.pdf",30,25,9655,6.67,8,0.21
"Information",3,75,"Participation_Levels","Exploring sustainable electricity system development pathways in South America’s MERCOSUR sub-region.pdf",30,4,9655,10,75,0.31
"Collaboration",1,25,"Participation_Levels","Exploring sustainable electricity system development pathways in South America’s MERCOSUR sub-region.pdf",30,4,9655,3.33,25,0.1
"Beneficiaries",9,69.2,"Decision_Actors","Extreme gradient boosting-inspired process optimization algorithm for.pdf",15,13,8438,60,69.23,1.07
"Influencers",4,30.8,"Decision_Actors","Extreme gradient boosting-inspired process optimization algorithm for.pdf",15,13,8438,26.67,30.77,0.47
"Information",2,100,"Participation_Levels","Extreme gradient boosting-inspired process optimization algorithm for.pdf",15,2,8438,13.33,100,0.24
"Deep uncertainty",1,100,"Uncertainty_Types","Freshwater Biology - 2019 - Rosero‐López - Streamlined eco‐engineering approach helps define environmental flows for.pdf",107,1,5547,0.93,100,0.18
"Extractors",1,1.1,"Decision_Actors","Freshwater Biology - 2019 - Rosero‐López - Streamlined eco‐engineering approach helps define environmental flows for.pdf",107,89,5547,0.93,1.12,0.18
"Injectors",7,7.9,"Decision_Actors","Freshwater Biology - 2019 - Rosero‐López - Streamlined eco‐engineering approach helps define environmental flows for.pdf",107,89,5547,6.54,7.87,1.26
"Beneficiaries",1,1.1,"Decision_Actors","Freshwater Biology - 2019 - Rosero‐López - Streamlined eco‐engineering approach helps define environmental flows for.pdf",107,89,5547,0.93,1.12,0.18
"Affected",10,11.2,"Decision_Actors","Freshwater Biology - 2019 - Rosero‐López - Streamlined eco‐engineering approach helps define environmental flows for.pdf",107,89,5547,9.35,11.24,1.8
"Influencers",70,78.7,"Decision_Actors","Freshwater Biology - 2019 - Rosero‐López - Streamlined eco‐engineering approach helps define environmental flows for.pdf",107,89,5547,65.42,78.65,12.62
"Information",8,47.1,"Participation_Levels","Freshwater Biology - 2019 - Rosero‐López - Streamlined eco‐engineering approach helps define environmental flows for.pdf",107,17,5547,7.48,47.06,1.44
"Consultation",5,29.4,"Participation_Levels","Freshwater Biology - 2019 - Rosero‐López - Streamlined eco‐engineering approach helps define environmental flows for.pdf",107,17,5547,4.67,29.41,0.9
"Collaboration",4,23.5,"Participation_Levels","Freshwater Biology - 2019 - Rosero‐López - Streamlined eco‐engineering approach helps define environmental flows for.pdf",107,17,5547,3.74,23.53,0.72
"Deep uncertainty",44,100,"Uncertainty_Types","Harmonizing Discretionary Policy Choice with Fiscal Rule Making.pdf",539,44,49454,8.16,100,0.89
"Extractors",8,1.8,"Decision_Actors","Harmonizing Discretionary Policy Choice with Fiscal Rule Making.pdf",539,433,49454,1.48,1.85,0.16
"Injectors",1,0.2,"Decision_Actors","Harmonizing Discretionary Policy Choice with Fiscal Rule Making.pdf",539,433,49454,0.19,0.23,0.02
"Beneficiaries",27,6.2,"Decision_Actors","Harmonizing Discretionary Policy Choice with Fiscal Rule Making.pdf",539,433,49454,5.01,6.24,0.55
"Affected",45,10.4,"Decision_Actors","Harmonizing Discretionary Policy Choice with Fiscal Rule Making.pdf",539,433,49454,8.35,10.39,0.91
"Regulators",278,64.2,"Decision_Actors","Harmonizing Discretionary Policy Choice with Fiscal Rule Making.pdf",539,433,49454,51.58,64.2,5.62
"Influencers",74,17.1,"Decision_Actors","Harmonizing Discretionary Policy Choice with Fiscal Rule Making.pdf",539,433,49454,13.73,17.09,1.5
"Information",57,91.9,"Participation_Levels","Harmonizing Discretionary Policy Choice with Fiscal Rule Making.pdf",539,62,49454,10.58,91.94,1.15
"Consultation",5,8.1,"Participation_Levels","Harmonizing Discretionary Policy Choice with Fiscal Rule Making.pdf",539,62,49454,0.93,8.06,0.1
"Deep uncertainty",9,81.8,"Uncertainty_Types","Identifying Robust Energy Decarbonization Pathways Under Multi-Objective CriteriaThe Case of Transport in Costa Rica.pdf",100,11,7210,9,81.82,1.25
"Epistemic",2,18.2,"Uncertainty_Types","Identifying Robust Energy Decarbonization Pathways Under Multi-Objective CriteriaThe Case of Transport in Costa Rica.pdf",100,11,7210,2,18.18,0.28
"Injectors",25,32.9,"Decision_Actors","Identifying Robust Energy Decarbonization Pathways Under Multi-Objective CriteriaThe Case of Transport in Costa Rica.pdf",100,76,7210,25,32.89,3.47
"Beneficiaries",18,23.7,"Decision_Actors","Identifying Robust Energy Decarbonization Pathways Under Multi-Objective CriteriaThe Case of Transport in Costa Rica.pdf",100,76,7210,18,23.68,2.5
"Affected",1,1.3,"Decision_Actors","Identifying Robust Energy Decarbonization Pathways Under Multi-Objective CriteriaThe Case of Transport in Costa Rica.pdf",100,76,7210,1,1.32,0.14
"Regulators",29,38.2,"Decision_Actors","Identifying Robust Energy Decarbonization Pathways Under Multi-Objective CriteriaThe Case of Transport in Costa Rica.pdf",100,76,7210,29,38.16,4.02
"Influencers",3,3.9,"Decision_Actors","Identifying Robust Energy Decarbonization Pathways Under Multi-Objective CriteriaThe Case of Transport in Costa Rica.pdf",100,76,7210,3,3.95,0.42
"Information",9,81.8,"Participation_Levels","Identifying Robust Energy Decarbonization Pathways Under Multi-Objective CriteriaThe Case of Transport in Costa Rica.pdf",100,11,7210,9,81.82,1.25
"Consultation",1,9.1,"Participation_Levels","Identifying Robust Energy Decarbonization Pathways Under Multi-Objective CriteriaThe Case of Transport in Costa Rica.pdf",100,11,7210,1,9.09,0.14
"Collaboration",1,9.1,"Participation_Levels","Identifying Robust Energy Decarbonization Pathways Under Multi-Objective CriteriaThe Case of Transport in Costa Rica.pdf",100,11,7210,1,9.09,0.14
"Institutional",2,100,"Challenges","Identifying Robust Energy Decarbonization Pathways Under Multi-Objective CriteriaThe Case of Transport in Costa Rica.pdf",100,2,7210,2,100,0.28
"Extractors",1,1.1,"Decision_Actors","Implications of climate targets on oil production and fiscal revenues in.pdf",107,91,5460,0.93,1.1,0.18
"Injectors",4,4.4,"Decision_Actors","Implications of climate targets on oil production and fiscal revenues in.pdf",107,91,5460,3.74,4.4,0.73
"Beneficiaries",17,18.7,"Decision_Actors","Implications of climate targets on oil production and fiscal revenues in.pdf",107,91,5460,15.89,18.68,3.11
"Affected",1,1.1,"Decision_Actors","Implications of climate targets on oil production and fiscal revenues in.pdf",107,91,5460,0.93,1.1,0.18
"Regulators",52,57.1,"Decision_Actors","Implications of climate targets on oil production and fiscal revenues in.pdf",107,91,5460,48.6,57.14,9.52
"Influencers",16,17.6,"Decision_Actors","Implications of climate targets on oil production and fiscal revenues in.pdf",107,91,5460,14.95,17.58,2.93
"Information",16,100,"Participation_Levels","Implications of climate targets on oil production and fiscal revenues in.pdf",107,16,5460,14.95,100,2.93
"Extractors",3,1.4,"Decision_Actors","Inclusive-approaches-to-urban-climate-adaptation-planning-and-implementation-in-the-Global-SouthClimate-Policy.pdf",265,211,7226,1.13,1.42,0.42
"Injectors",15,7.1,"Decision_Actors","Inclusive-approaches-to-urban-climate-adaptation-planning-and-implementation-in-the-Global-SouthClimate-Policy.pdf",265,211,7226,5.66,7.11,2.08
"Beneficiaries",47,22.3,"Decision_Actors","Inclusive-approaches-to-urban-climate-adaptation-planning-and-implementation-in-the-Global-SouthClimate-Policy.pdf",265,211,7226,17.74,22.27,6.5
"Affected",61,28.9,"Decision_Actors","Inclusive-approaches-to-urban-climate-adaptation-planning-and-implementation-in-the-Global-SouthClimate-Policy.pdf",265,211,7226,23.02,28.91,8.44
"Regulators",64,30.3,"Decision_Actors","Inclusive-approaches-to-urban-climate-adaptation-planning-and-implementation-in-the-Global-SouthClimate-Policy.pdf",265,211,7226,24.15,30.33,8.86
"Influencers",21,10,"Decision_Actors","Inclusive-approaches-to-urban-climate-adaptation-planning-and-implementation-in-the-Global-SouthClimate-Policy.pdf",265,211,7226,7.92,9.95,2.91
"Information",22,41.5,"Participation_Levels","Inclusive-approaches-to-urban-climate-adaptation-planning-and-implementation-in-the-Global-SouthClimate-Policy.pdf",265,53,7226,8.3,41.51,3.04
"Consultation",7,13.2,"Participation_Levels","Inclusive-approaches-to-urban-climate-adaptation-planning-and-implementation-in-the-Global-SouthClimate-Policy.pdf",265,53,7226,2.64,13.21,0.97
"Collaboration",24,45.3,"Participation_Levels","Inclusive-approaches-to-urban-climate-adaptation-planning-and-implementation-in-the-Global-SouthClimate-Policy.pdf",265,53,7226,9.06,45.28,3.32
"Epistemological",1,100,"Challenges","Inclusive-approaches-to-urban-climate-adaptation-planning-and-implementation-in-the-Global-SouthClimate-Policy.pdf",265,1,7226,0.38,100,0.14
"Epistemic",2,100,"Uncertainty_Types","Integrated energy-water-land nexus planning in the Colorado River Basin (Argentina).pdf",82,2,7054,2.44,100,0.28
"Extractors",5,6.8,"Decision_Actors","Integrated energy-water-land nexus planning in the Colorado River Basin (Argentina).pdf",82,73,7054,6.1,6.85,0.71
"Injectors",2,2.7,"Decision_Actors","Integrated energy-water-land nexus planning in the Colorado River Basin (Argentina).pdf",82,73,7054,2.44,2.74,0.28
"Beneficiaries",23,31.5,"Decision_Actors","Integrated energy-water-land nexus planning in the Colorado River Basin (Argentina).pdf",82,73,7054,28.05,31.51,3.26
"Affected",5,6.8,"Decision_Actors","Integrated energy-water-land nexus planning in the Colorado River Basin (Argentina).pdf",82,73,7054,6.1,6.85,0.71
"Regulators",6,8.2,"Decision_Actors","Integrated energy-water-land nexus planning in the Colorado River Basin (Argentina).pdf",82,73,7054,7.32,8.22,0.85
"Influencers",32,43.8,"Decision_Actors","Integrated energy-water-land nexus planning in the Colorado River Basin (Argentina).pdf",82,73,7054,39.02,43.84,4.54
"Information",6,85.7,"Participation_Levels","Integrated energy-water-land nexus planning in the Colorado River Basin (Argentina).pdf",82,7,7054,7.32,85.71,0.85
"Collaboration",1,14.3,"Participation_Levels","Integrated energy-water-land nexus planning in the Colorado River Basin (Argentina).pdf",82,7,7054,1.22,14.29,0.14
"Deep uncertainty",4,100,"Uncertainty_Types","Job creation and decarbonization synergies in Latin America a simulation-based exploratory modeling analysis.pdf",38,4,5135,10.53,100,0.78
"Injectors",2,7.7,"Decision_Actors","Job creation and decarbonization synergies in Latin America a simulation-based exploratory modeling analysis.pdf",38,26,5135,5.26,7.69,0.39
"Beneficiaries",10,38.5,"Decision_Actors","Job creation and decarbonization synergies in Latin America a simulation-based exploratory modeling analysis.pdf",38,26,5135,26.32,38.46,1.95
"Affected",2,7.7,"Decision_Actors","Job creation and decarbonization synergies in Latin America a simulation-based exploratory modeling analysis.pdf",38,26,5135,5.26,7.69,0.39
"Regulators",6,23.1,"Decision_Actors","Job creation and decarbonization synergies in Latin America a simulation-based exploratory modeling analysis.pdf",38,26,5135,15.79,23.08,1.17
"Influencers",6,23.1,"Decision_Actors","Job creation and decarbonization synergies in Latin America a simulation-based exploratory modeling analysis.pdf",38,26,5135,15.79,23.08,1.17
"Information",7,87.5,"Participation_Levels","Job creation and decarbonization synergies in Latin America a simulation-based exploratory modeling analysis.pdf",38,8,5135,18.42,87.5,1.36
"Collaboration",1,12.5,"Participation_Levels","Job creation and decarbonization synergies in Latin America a simulation-based exploratory modeling analysis.pdf",38,8,5135,2.63,12.5,0.19
"Deep uncertainty",1,100,"Uncertainty_Types","Land-Use and Legislation-Based Methodology for the Implementation of Sustainable Drainage Systems in the Semi-Arid Region of Brazil.pdf",104,1,9423,0.96,100,0.11
"Injectors",10,12.2,"Decision_Actors","Land-Use and Legislation-Based Methodology for the Implementation of Sustainable Drainage Systems in the Semi-Arid Region of Brazil.pdf",104,82,9423,9.62,12.2,1.06
"Beneficiaries",31,37.8,"Decision_Actors","Land-Use and Legislation-Based Methodology for the Implementation of Sustainable Drainage Systems in the Semi-Arid Region of Brazil.pdf",104,82,9423,29.81,37.8,3.29
"Affected",4,4.9,"Decision_Actors","Land-Use and Legislation-Based Methodology for the Implementation of Sustainable Drainage Systems in the Semi-Arid Region of Brazil.pdf",104,82,9423,3.85,4.88,0.42
"Regulators",31,37.8,"Decision_Actors","Land-Use and Legislation-Based Methodology for the Implementation of Sustainable Drainage Systems in the Semi-Arid Region of Brazil.pdf",104,82,9423,29.81,37.8,3.29
"Influencers",6,7.3,"Decision_Actors","Land-Use and Legislation-Based Methodology for the Implementation of Sustainable Drainage Systems in the Semi-Arid Region of Brazil.pdf",104,82,9423,5.77,7.32,0.64
"Information",9,42.9,"Participation_Levels","Land-Use and Legislation-Based Methodology for the Implementation of Sustainable Drainage Systems in the Semi-Arid Region of Brazil.pdf",104,21,9423,8.65,42.86,0.96
"Collaboration",4,19,"Participation_Levels","Land-Use and Legislation-Based Methodology for the Implementation of Sustainable Drainage Systems in the Semi-Arid Region of Brazil.pdf",104,21,9423,3.85,19.05,0.42
"Co-decision",8,38.1,"Participation_Levels","Land-Use and Legislation-Based Methodology for the Implementation of Sustainable Drainage Systems in the Semi-Arid Region of Brazil.pdf",104,21,9423,7.69,38.1,0.85
"Deep uncertainty",1,50,"Uncertainty_Types","Multi-level storylines for participatory modeling.pdf",256,2,11517,0.39,50,0.09
"Ambiguity",1,50,"Uncertainty_Types","Multi-level storylines for participatory modeling.pdf",256,2,11517,0.39,50,0.09
"Extractors",31,25.4,"Decision_Actors","Multi-level storylines for participatory modeling.pdf",256,122,11517,12.11,25.41,2.69
"Injectors",3,2.5,"Decision_Actors","Multi-level storylines for participatory modeling.pdf",256,122,11517,1.17,2.46,0.26
"Beneficiaries",11,9,"Decision_Actors","Multi-level storylines for participatory modeling.pdf",256,122,11517,4.3,9.02,0.96
"Affected",19,15.6,"Decision_Actors","Multi-level storylines for participatory modeling.pdf",256,122,11517,7.42,15.57,1.65
"Regulators",36,29.5,"Decision_Actors","Multi-level storylines for participatory modeling.pdf",256,122,11517,14.06,29.51,3.13
"Influencers",22,18,"Decision_Actors","Multi-level storylines for participatory modeling.pdf",256,122,11517,8.59,18.03,1.91
"Information",41,31.1,"Participation_Levels","Multi-level storylines for participatory modeling.pdf",256,132,11517,16.02,31.06,3.56
"Consultation",2,1.5,"Participation_Levels","Multi-level storylines for participatory modeling.pdf",256,132,11517,0.78,1.52,0.17
"Collaboration",88,66.7,"Participation_Levels","Multi-level storylines for participatory modeling.pdf",256,132,11517,34.38,66.67,7.64
"Empowerment",1,0.8,"Participation_Levels","Multi-level storylines for participatory modeling.pdf",256,132,11517,0.39,0.76,0.09
"Deep uncertainty",2,100,"Uncertainty_Types","Multi-Objective Approach for Determining Optimal Sustainable Urban Drainage Systems Combination at City Scale. The Case of San Luis Potosí (México).pdf",26,2,6102,7.69,100,0.33
"Injectors",7,53.8,"Decision_Actors","Multi-Objective Approach for Determining Optimal Sustainable Urban Drainage Systems Combination at City Scale. The Case of San Luis Potosí (México).pdf",26,13,6102,26.92,53.85,1.15
"Influencers",6,46.2,"Decision_Actors","Multi-Objective Approach for Determining Optimal Sustainable Urban Drainage Systems Combination at City Scale. The Case of San Luis Potosí (México).pdf",26,13,6102,23.08,46.15,0.98
"Information",5,45.5,"Participation_Levels","Multi-Objective Approach for Determining Optimal Sustainable Urban Drainage Systems Combination at City Scale. The Case of San Luis Potosí (México).pdf",26,11,6102,19.23,45.45,0.82
"Consultation",1,9.1,"Participation_Levels","Multi-Objective Approach for Determining Optimal Sustainable Urban Drainage Systems Combination at City Scale. The Case of San Luis Potosí (México).pdf",26,11,6102,3.85,9.09,0.16
"Co-decision",5,45.5,"Participation_Levels","Multi-Objective Approach for Determining Optimal Sustainable Urban Drainage Systems Combination at City Scale. The Case of San Luis Potosí (México).pdf",26,11,6102,19.23,45.45,0.82
"Extractors",1,5.9,"Decision_Actors","Multiobjective-Direct-Policy-Search-Using-Physically-Based-Operating-Rules-in-Multireservoir-SystemsJournal-of-Water-Resources-Planning-and-Management.pdf",42,17,9078,2.38,5.88,0.11
"Injectors",2,11.8,"Decision_Actors","Multiobjective-Direct-Policy-Search-Using-Physically-Based-Operating-Rules-in-Multireservoir-SystemsJournal-of-Water-Resources-Planning-and-Management.pdf",42,17,9078,4.76,11.76,0.22
"Beneficiaries",1,5.9,"Decision_Actors","Multiobjective-Direct-Policy-Search-Using-Physically-Based-Operating-Rules-in-Multireservoir-SystemsJournal-of-Water-Resources-Planning-and-Management.pdf",42,17,9078,2.38,5.88,0.11
"Affected",2,11.8,"Decision_Actors","Multiobjective-Direct-Policy-Search-Using-Physically-Based-Operating-Rules-in-Multireservoir-SystemsJournal-of-Water-Resources-Planning-and-Management.pdf",42,17,9078,4.76,11.76,0.22
"Regulators",3,17.6,"Decision_Actors","Multiobjective-Direct-Policy-Search-Using-Physically-Based-Operating-Rules-in-Multireservoir-SystemsJournal-of-Water-Resources-Planning-and-Management.pdf",42,17,9078,7.14,17.65,0.33
"Influencers",8,47.1,"Decision_Actors","Multiobjective-Direct-Policy-Search-Using-Physically-Based-Operating-Rules-in-Multireservoir-SystemsJournal-of-Water-Resources-Planning-and-Management.pdf",42,17,9078,19.05,47.06,0.88
"Information",18,72,"Participation_Levels","Multiobjective-Direct-Policy-Search-Using-Physically-Based-Operating-Rules-in-Multireservoir-SystemsJournal-of-Water-Resources-Planning-and-Management.pdf",42,25,9078,42.86,72,1.98
"Consultation",2,8,"Participation_Levels","Multiobjective-Direct-Policy-Search-Using-Physically-Based-Operating-Rules-in-Multireservoir-SystemsJournal-of-Water-Resources-Planning-and-Management.pdf",42,25,9078,4.76,8,0.22
"Collaboration",2,8,"Participation_Levels","Multiobjective-Direct-Policy-Search-Using-Physically-Based-Operating-Rules-in-Multireservoir-SystemsJournal-of-Water-Resources-Planning-and-Management.pdf",42,25,9078,4.76,8,0.22
"Co-decision",3,12,"Participation_Levels","Multiobjective-Direct-Policy-Search-Using-Physically-Based-Operating-Rules-in-Multireservoir-SystemsJournal-of-Water-Resources-Planning-and-Management.pdf",42,25,9078,7.14,12,0.33
"Extractors",13,8.5,"Decision_Actors","NAP-Uruguay-Energy-2024.pdf",286,153,31666,4.55,8.5,0.41
"Beneficiaries",23,15,"Decision_Actors","NAP-Uruguay-Energy-2024.pdf",286,153,31666,8.04,15.03,0.73
"Affected",8,5.2,"Decision_Actors","NAP-Uruguay-Energy-2024.pdf",286,153,31666,2.8,5.23,0.25
"Regulators",5,3.3,"Decision_Actors","NAP-Uruguay-Energy-2024.pdf",286,153,31666,1.75,3.27,0.16
"Influencers",104,68,"Decision_Actors","NAP-Uruguay-Energy-2024.pdf",286,153,31666,36.36,67.97,3.28
"Information",133,100,"Participation_Levels","NAP-Uruguay-Energy-2024.pdf",286,133,31666,46.5,100,4.2
"Knightian",2,5,"Uncertainty_Types","Navigating climate change complexity and deep uncertainty approach for building socio-ecological resilience using qualitative dynamic simulation.pdf",150,40,11544,1.33,5,0.17
"Ontological",5,12.5,"Uncertainty_Types","Navigating climate change complexity and deep uncertainty approach for building socio-ecological resilience using qualitative dynamic simulation.pdf",150,40,11544,3.33,12.5,0.43
"Deep uncertainty",31,77.5,"Uncertainty_Types","Navigating climate change complexity and deep uncertainty approach for building socio-ecological resilience using qualitative dynamic simulation.pdf",150,40,11544,20.67,77.5,2.69
"Ambiguity",2,5,"Uncertainty_Types","Navigating climate change complexity and deep uncertainty approach for building socio-ecological resilience using qualitative dynamic simulation.pdf",150,40,11544,1.33,5,0.17
"Extractors",6,8.5,"Decision_Actors","Navigating climate change complexity and deep uncertainty approach for building socio-ecological resilience using qualitative dynamic simulation.pdf",150,71,11544,4,8.45,0.52
"Injectors",1,1.4,"Decision_Actors","Navigating climate change complexity and deep uncertainty approach for building socio-ecological resilience using qualitative dynamic simulation.pdf",150,71,11544,0.67,1.41,0.09
"Beneficiaries",15,21.1,"Decision_Actors","Navigating climate change complexity and deep uncertainty approach for building socio-ecological resilience using qualitative dynamic simulation.pdf",150,71,11544,10,21.13,1.3
"Affected",12,16.9,"Decision_Actors","Navigating climate change complexity and deep uncertainty approach for building socio-ecological resilience using qualitative dynamic simulation.pdf",150,71,11544,8,16.9,1.04
"Regulators",17,23.9,"Decision_Actors","Navigating climate change complexity and deep uncertainty approach for building socio-ecological resilience using qualitative dynamic simulation.pdf",150,71,11544,11.33,23.94,1.47
"Influencers",20,28.2,"Decision_Actors","Navigating climate change complexity and deep uncertainty approach for building socio-ecological resilience using qualitative dynamic simulation.pdf",150,71,11544,13.33,28.17,1.73
"Information",15,41.7,"Participation_Levels","Navigating climate change complexity and deep uncertainty approach for building socio-ecological resilience using qualitative dynamic simulation.pdf",150,36,11544,10,41.67,1.3
"Collaboration",19,52.8,"Participation_Levels","Navigating climate change complexity and deep uncertainty approach for building socio-ecological resilience using qualitative dynamic simulation.pdf",150,36,11544,12.67,52.78,1.65
"Co-decision",1,2.8,"Participation_Levels","Navigating climate change complexity and deep uncertainty approach for building socio-ecological resilience using qualitative dynamic simulation.pdf",150,36,11544,0.67,2.78,0.09
"Empowerment",1,2.8,"Participation_Levels","Navigating climate change complexity and deep uncertainty approach for building socio-ecological resilience using qualitative dynamic simulation.pdf",150,36,11544,0.67,2.78,0.09
"Epistemological",3,100,"Challenges","Navigating climate change complexity and deep uncertainty approach for building socio-ecological resilience using qualitative dynamic simulation.pdf",150,3,11544,2,100,0.26
"Deep uncertainty",6,100,"Uncertainty_Types","Navigating the Water-Energy Governance Landscape and Climate Change Adaptation Strategies in the Northern Patagonia Region of Argentina.pdf",49,6,5346,12.24,100,1.12
"Injectors",3,18.8,"Decision_Actors","Navigating the Water-Energy Governance Landscape and Climate Change Adaptation Strategies in the Northern Patagonia Region of Argentina.pdf",49,16,5346,6.12,18.75,0.56
"Beneficiaries",8,50,"Decision_Actors","Navigating the Water-Energy Governance Landscape and Climate Change Adaptation Strategies in the Northern Patagonia Region of Argentina.pdf",49,16,5346,16.33,50,1.5
"Affected",1,6.2,"Decision_Actors","Navigating the Water-Energy Governance Landscape and Climate Change Adaptation Strategies in the Northern Patagonia Region of Argentina.pdf",49,16,5346,2.04,6.25,0.19
"Regulators",3,18.8,"Decision_Actors","Navigating the Water-Energy Governance Landscape and Climate Change Adaptation Strategies in the Northern Patagonia Region of Argentina.pdf",49,16,5346,6.12,18.75,0.56
"Influencers",1,6.2,"Decision_Actors","Navigating the Water-Energy Governance Landscape and Climate Change Adaptation Strategies in the Northern Patagonia Region of Argentina.pdf",49,16,5346,2.04,6.25,0.19
"Information",12,46.2,"Participation_Levels","Navigating the Water-Energy Governance Landscape and Climate Change Adaptation Strategies in the Northern Patagonia Region of Argentina.pdf",49,26,5346,24.49,46.15,2.24
"Consultation",2,7.7,"Participation_Levels","Navigating the Water-Energy Governance Landscape and Climate Change Adaptation Strategies in the Northern Patagonia Region of Argentina.pdf",49,26,5346,4.08,7.69,0.37
"Collaboration",11,42.3,"Participation_Levels","Navigating the Water-Energy Governance Landscape and Climate Change Adaptation Strategies in the Northern Patagonia Region of Argentina.pdf",49,26,5346,22.45,42.31,2.06
"Empowerment",1,3.8,"Participation_Levels","Navigating the Water-Energy Governance Landscape and Climate Change Adaptation Strategies in the Northern Patagonia Region of Argentina.pdf",49,26,5346,2.04,3.85,0.19
"Methodological",1,100,"Challenges","Navigating the Water-Energy Governance Landscape and Climate Change Adaptation Strategies in the Northern Patagonia Region of Argentina.pdf",49,1,5346,2.04,100,0.19
"Ambiguity",2,100,"Uncertainty_Types","ntegrated energy-water-land nexus planning to guide national policy an example from Uruguay.pdf",35,2,7200,5.71,100,0.28
"Extractors",1,4.5,"Decision_Actors","ntegrated energy-water-land nexus planning to guide national policy an example from Uruguay.pdf",35,22,7200,2.86,4.55,0.14
"Injectors",2,9.1,"Decision_Actors","ntegrated energy-water-land nexus planning to guide national policy an example from Uruguay.pdf",35,22,7200,5.71,9.09,0.28
"Beneficiaries",6,27.3,"Decision_Actors","ntegrated energy-water-land nexus planning to guide national policy an example from Uruguay.pdf",35,22,7200,17.14,27.27,0.83
"Regulators",8,36.4,"Decision_Actors","ntegrated energy-water-land nexus planning to guide national policy an example from Uruguay.pdf",35,22,7200,22.86,36.36,1.11
"Influencers",5,22.7,"Decision_Actors","ntegrated energy-water-land nexus planning to guide national policy an example from Uruguay.pdf",35,22,7200,14.29,22.73,0.69
"Information",8,72.7,"Participation_Levels","ntegrated energy-water-land nexus planning to guide national policy an example from Uruguay.pdf",35,11,7200,22.86,72.73,1.11
"Collaboration",3,27.3,"Participation_Levels","ntegrated energy-water-land nexus planning to guide national policy an example from Uruguay.pdf",35,11,7200,8.57,27.27,0.42
"Deep uncertainty",2,66.7,"Uncertainty_Types","Options-to-Achieve-Carbon-Neutrality-in-Chile-An-Assessment-Under-Uncertainty.pdf",290,3,20748,0.69,66.67,0.1
"Ambiguity",1,33.3,"Uncertainty_Types","Options-to-Achieve-Carbon-Neutrality-in-Chile-An-Assessment-Under-Uncertainty.pdf",290,3,20748,0.34,33.33,0.05
"Extractors",10,4.6,"Decision_Actors","Options-to-Achieve-Carbon-Neutrality-in-Chile-An-Assessment-Under-Uncertainty.pdf",290,216,20748,3.45,4.63,0.48
"Injectors",1,0.5,"Decision_Actors","Options-to-Achieve-Carbon-Neutrality-in-Chile-An-Assessment-Under-Uncertainty.pdf",290,216,20748,0.34,0.46,0.05
"Beneficiaries",64,29.6,"Decision_Actors","Options-to-Achieve-Carbon-Neutrality-in-Chile-An-Assessment-Under-Uncertainty.pdf",290,216,20748,22.07,29.63,3.08
"Affected",19,8.8,"Decision_Actors","Options-to-Achieve-Carbon-Neutrality-in-Chile-An-Assessment-Under-Uncertainty.pdf",290,216,20748,6.55,8.8,0.92
"Regulators",96,44.4,"Decision_Actors","Options-to-Achieve-Carbon-Neutrality-in-Chile-An-Assessment-Under-Uncertainty.pdf",290,216,20748,33.1,44.44,4.63
"Influencers",26,12,"Decision_Actors","Options-to-Achieve-Carbon-Neutrality-in-Chile-An-Assessment-Under-Uncertainty.pdf",290,216,20748,8.97,12.04,1.25
"Information",19,26.8,"Participation_Levels","Options-to-Achieve-Carbon-Neutrality-in-Chile-An-Assessment-Under-Uncertainty.pdf",290,71,20748,6.55,26.76,0.92
"Consultation",5,7,"Participation_Levels","Options-to-Achieve-Carbon-Neutrality-in-Chile-An-Assessment-Under-Uncertainty.pdf",290,71,20748,1.72,7.04,0.24
"Collaboration",47,66.2,"Participation_Levels","Options-to-Achieve-Carbon-Neutrality-in-Chile-An-Assessment-Under-Uncertainty.pdf",290,71,20748,16.21,66.2,2.27
"Deep uncertainty",6,100,"Uncertainty_Types","Planificación de infraestructura hídrica para el futuro incierto en América Latina.pdf",89,6,5869,6.74,100,1.02
"Extractors",4,6.3,"Decision_Actors","Planificación de infraestructura hídrica para el futuro incierto en América Latina.pdf",89,63,5869,4.49,6.35,0.68
"Injectors",30,47.6,"Decision_Actors","Planificación de infraestructura hídrica para el futuro incierto en América Latina.pdf",89,63,5869,33.71,47.62,5.11
"Beneficiaries",15,23.8,"Decision_Actors","Planificación de infraestructura hídrica para el futuro incierto en América Latina.pdf",89,63,5869,16.85,23.81,2.56
"Affected",6,9.5,"Decision_Actors","Planificación de infraestructura hídrica para el futuro incierto en América Latina.pdf",89,63,5869,6.74,9.52,1.02
"Influencers",8,12.7,"Decision_Actors","Planificación de infraestructura hídrica para el futuro incierto en América Latina.pdf",89,63,5869,8.99,12.7,1.36
"Information",11,55,"Participation_Levels","Planificación de infraestructura hídrica para el futuro incierto en América Latina.pdf",89,20,5869,12.36,55,1.87
"Collaboration",8,40,"Participation_Levels","Planificación de infraestructura hídrica para el futuro incierto en América Latina.pdf",89,20,5869,8.99,40,1.36
"Co-decision",1,5,"Participation_Levels","Planificación de infraestructura hídrica para el futuro incierto en América Latina.pdf",89,20,5869,1.12,5,0.17
"Deep uncertainty",7,100,"Uncertainty_Types","Planning for resilience  Incorporating scenario and model uncertainty and.pdf",85,7,8549,8.24,100,0.82
"Extractors",1,2.9,"Decision_Actors","Planning for resilience  Incorporating scenario and model uncertainty and.pdf",85,34,8549,1.18,2.94,0.12
"Beneficiaries",12,35.3,"Decision_Actors","Planning for resilience  Incorporating scenario and model uncertainty and.pdf",85,34,8549,14.12,35.29,1.4
"Affected",9,26.5,"Decision_Actors","Planning for resilience  Incorporating scenario and model uncertainty and.pdf",85,34,8549,10.59,26.47,1.05
"Regulators",3,8.8,"Decision_Actors","Planning for resilience  Incorporating scenario and model uncertainty and.pdf",85,34,8549,3.53,8.82,0.35
"Influencers",9,26.5,"Decision_Actors","Planning for resilience  Incorporating scenario and model uncertainty and.pdf",85,34,8549,10.59,26.47,1.05
"Information",25,80.6,"Participation_Levels","Planning for resilience  Incorporating scenario and model uncertainty and.pdf",85,31,8549,29.41,80.65,2.92
"Consultation",3,9.7,"Participation_Levels","Planning for resilience  Incorporating scenario and model uncertainty and.pdf",85,31,8549,3.53,9.68,0.35
"Collaboration",3,9.7,"Participation_Levels","Planning for resilience  Incorporating scenario and model uncertainty and.pdf",85,31,8549,3.53,9.68,0.35
"Epistemological",2,15.4,"Challenges","Planning for resilience  Incorporating scenario and model uncertainty and.pdf",85,13,8549,2.35,15.38,0.23
"Institutional",2,15.4,"Challenges","Planning for resilience  Incorporating scenario and model uncertainty and.pdf",85,13,8549,2.35,15.38,0.23
"Methodological",3,23.1,"Challenges","Planning for resilience  Incorporating scenario and model uncertainty and.pdf",85,13,8549,3.53,23.08,0.35
"Methodological",3,23.1,"Challenges","Planning for resilience  Incorporating scenario and model uncertainty and.pdf",85,13,8549,3.53,23.08,0.35
"Methodological",3,23.1,"Challenges","Planning for resilience  Incorporating scenario and model uncertainty and.pdf",85,13,8549,3.53,23.08,0.35
"Injectors",13,44.8,"Decision_Actors","Power sector investment implications of climate impacts on renewable resources in Latin America and the Caribbean.pdf",111,29,7497,11.71,44.83,1.73
"Beneficiaries",2,6.9,"Decision_Actors","Power sector investment implications of climate impacts on renewable resources in Latin America and the Caribbean.pdf",111,29,7497,1.8,6.9,0.27
"Affected",4,13.8,"Decision_Actors","Power sector investment implications of climate impacts on renewable resources in Latin America and the Caribbean.pdf",111,29,7497,3.6,13.79,0.53
"Regulators",8,27.6,"Decision_Actors","Power sector investment implications of climate impacts on renewable resources in Latin America and the Caribbean.pdf",111,29,7497,7.21,27.59,1.07
"Influencers",2,6.9,"Decision_Actors","Power sector investment implications of climate impacts on renewable resources in Latin America and the Caribbean.pdf",111,29,7497,1.8,6.9,0.27
"Information",79,100,"Participation_Levels","Power sector investment implications of climate impacts on renewable resources in Latin America and the Caribbean.pdf",111,79,7497,71.17,100,10.54
"Methodological",1,33.3,"Challenges","Power sector investment implications of climate impacts on renewable resources in Latin America and the Caribbean.pdf",111,3,7497,0.9,33.33,0.13
"Methodological",1,33.3,"Challenges","Power sector investment implications of climate impacts on renewable resources in Latin America and the Caribbean.pdf",111,3,7497,0.9,33.33,0.13
"Methodological",1,33.3,"Challenges","Power sector investment implications of climate impacts on renewable resources in Latin America and the Caribbean.pdf",111,3,7497,0.9,33.33,0.13
"Extractors",1,2.5,"Decision_Actors","Regla de Cobertura Óptima RCO de embalses para evitar sequías..pdf",48,40,8215,2.08,2.5,0.12
"Affected",11,27.5,"Decision_Actors","Regla de Cobertura Óptima RCO de embalses para evitar sequías..pdf",48,40,8215,22.92,27.5,1.34
"Regulators",2,5,"Decision_Actors","Regla de Cobertura Óptima RCO de embalses para evitar sequías..pdf",48,40,8215,4.17,5,0.24
"Influencers",26,65,"Decision_Actors","Regla de Cobertura Óptima RCO de embalses para evitar sequías..pdf",48,40,8215,54.17,65,3.16
"Information",7,87.5,"Participation_Levels","Regla de Cobertura Óptima RCO de embalses para evitar sequías..pdf",48,8,8215,14.58,87.5,0.85
"Consultation",1,12.5,"Participation_Levels","Regla de Cobertura Óptima RCO de embalses para evitar sequías..pdf",48,8,8215,2.08,12.5,0.12
"Injectors",13,36.1,"Decision_Actors","Robust-Strategy-for-Assessing-the-Costs-of-Urban-Drainage-System-Designs-under-Climate-Change-ScenariosJournal-of-Water-Resources-Planning-and-Management.pdf",42,36,7402,30.95,36.11,1.76
"Beneficiaries",3,8.3,"Decision_Actors","Robust-Strategy-for-Assessing-the-Costs-of-Urban-Drainage-System-Designs-under-Climate-Change-ScenariosJournal-of-Water-Resources-Planning-and-Management.pdf",42,36,7402,7.14,8.33,0.41
"Affected",7,19.4,"Decision_Actors","Robust-Strategy-for-Assessing-the-Costs-of-Urban-Drainage-System-Designs-under-Climate-Change-ScenariosJournal-of-Water-Resources-Planning-and-Management.pdf",42,36,7402,16.67,19.44,0.95
"Regulators",13,36.1,"Decision_Actors","Robust-Strategy-for-Assessing-the-Costs-of-Urban-Drainage-System-Designs-under-Climate-Change-ScenariosJournal-of-Water-Resources-Planning-and-Management.pdf",42,36,7402,30.95,36.11,1.76
"Information",2,40,"Participation_Levels","Robust-Strategy-for-Assessing-the-Costs-of-Urban-Drainage-System-Designs-under-Climate-Change-ScenariosJournal-of-Water-Resources-Planning-and-Management.pdf",42,5,7402,4.76,40,0.27
"Consultation",1,20,"Participation_Levels","Robust-Strategy-for-Assessing-the-Costs-of-Urban-Drainage-System-Designs-under-Climate-Change-ScenariosJournal-of-Water-Resources-Planning-and-Management.pdf",42,5,7402,2.38,20,0.14
"Collaboration",2,40,"Participation_Levels","Robust-Strategy-for-Assessing-the-Costs-of-Urban-Drainage-System-Designs-under-Climate-Change-ScenariosJournal-of-Water-Resources-Planning-and-Management.pdf",42,5,7402,4.76,40,0.27
"Institutional",1,100,"Challenges","Robust-Strategy-for-Assessing-the-Costs-of-Urban-Drainage-System-Designs-under-Climate-Change-ScenariosJournal-of-Water-Resources-Planning-and-Management.pdf",42,1,7402,2.38,100,0.14
"Deep uncertainty",14,100,"Uncertainty_Types","Robust Prioritization Framework for Transport Infrastructure Adaptation Investments under Uncertainty of Climate Change.pdf",66,14,5632,21.21,100,2.49
"Injectors",29,65.9,"Decision_Actors","Robust Prioritization Framework for Transport Infrastructure Adaptation Investments under Uncertainty of Climate Change.pdf",66,44,5632,43.94,65.91,5.15
"Beneficiaries",7,15.9,"Decision_Actors","Robust Prioritization Framework for Transport Infrastructure Adaptation Investments under Uncertainty of Climate Change.pdf",66,44,5632,10.61,15.91,1.24
"Affected",1,2.3,"Decision_Actors","Robust Prioritization Framework for Transport Infrastructure Adaptation Investments under Uncertainty of Climate Change.pdf",66,44,5632,1.52,2.27,0.18
"Regulators",5,11.4,"Decision_Actors","Robust Prioritization Framework for Transport Infrastructure Adaptation Investments under Uncertainty of Climate Change.pdf",66,44,5632,7.58,11.36,0.89
"Influencers",2,4.5,"Decision_Actors","Robust Prioritization Framework for Transport Infrastructure Adaptation Investments under Uncertainty of Climate Change.pdf",66,44,5632,3.03,4.55,0.36
"Information",8,100,"Participation_Levels","Robust Prioritization Framework for Transport Infrastructure Adaptation Investments under Uncertainty of Climate Change.pdf",66,8,5632,12.12,100,1.42
"Deep uncertainty",24,100,"Uncertainty_Types","The Benefits and Costs of Reaching Net Zero Emissions in Latin America and the Caribbean.pdf",438,24,40775,5.48,100,0.59
"Extractors",11,3.1,"Decision_Actors","The Benefits and Costs of Reaching Net Zero Emissions in Latin America and the Caribbean.pdf",438,353,40775,2.51,3.12,0.27
"Injectors",38,10.8,"Decision_Actors","The Benefits and Costs of Reaching Net Zero Emissions in Latin America and the Caribbean.pdf",438,353,40775,8.68,10.76,0.93
"Beneficiaries",119,33.7,"Decision_Actors","The Benefits and Costs of Reaching Net Zero Emissions in Latin America and the Caribbean.pdf",438,353,40775,27.17,33.71,2.92
"Affected",37,10.5,"Decision_Actors","The Benefits and Costs of Reaching Net Zero Emissions in Latin America and the Caribbean.pdf",438,353,40775,8.45,10.48,0.91
"Regulators",113,32,"Decision_Actors","The Benefits and Costs of Reaching Net Zero Emissions in Latin America and the Caribbean.pdf",438,353,40775,25.8,32.01,2.77
"Influencers",35,9.9,"Decision_Actors","The Benefits and Costs of Reaching Net Zero Emissions in Latin America and the Caribbean.pdf",438,353,40775,7.99,9.92,0.86
"Information",41,73.2,"Participation_Levels","The Benefits and Costs of Reaching Net Zero Emissions in Latin America and the Caribbean.pdf",438,56,40775,9.36,73.21,1.01
"Consultation",5,8.9,"Participation_Levels","The Benefits and Costs of Reaching Net Zero Emissions in Latin America and the Caribbean.pdf",438,56,40775,1.14,8.93,0.12
"Collaboration",9,16.1,"Participation_Levels","The Benefits and Costs of Reaching Net Zero Emissions in Latin America and the Caribbean.pdf",438,56,40775,2.05,16.07,0.22
"Co-decision",1,1.8,"Participation_Levels","The Benefits and Costs of Reaching Net Zero Emissions in Latin America and the Caribbean.pdf",438,56,40775,0.23,1.79,0.02
"Epistemological",2,40,"Challenges","The Benefits and Costs of Reaching Net Zero Emissions in Latin America and the Caribbean.pdf",438,5,40775,0.46,40,0.05
"Methodological",1,20,"Challenges","The Benefits and Costs of Reaching Net Zero Emissions in Latin America and the Caribbean.pdf",438,5,40775,0.23,20,0.02
"Methodological",1,20,"Challenges","The Benefits and Costs of Reaching Net Zero Emissions in Latin America and the Caribbean.pdf",438,5,40775,0.23,20,0.02
"Methodological",1,20,"Challenges","The Benefits and Costs of Reaching Net Zero Emissions in Latin America and the Caribbean.pdf",438,5,40775,0.23,20,0.02
"Deep uncertainty",12,100,"Uncertainty_Types","The benefits for decarbonization.pdf",315,12,21017,3.81,100,0.57
"Extractors",2,0.8,"Decision_Actors","The benefits for decarbonization.pdf",315,239,21017,0.63,0.84,0.1
"Injectors",24,10,"Decision_Actors","The benefits for decarbonization.pdf",315,239,21017,7.62,10.04,1.14
"Beneficiaries",110,46,"Decision_Actors","The benefits for decarbonization.pdf",315,239,21017,34.92,46.03,5.23
"Affected",13,5.4,"Decision_Actors","The benefits for decarbonization.pdf",315,239,21017,4.13,5.44,0.62
"Regulators",65,27.2,"Decision_Actors","The benefits for decarbonization.pdf",315,239,21017,20.63,27.2,3.09
"Influencers",25,10.5,"Decision_Actors","The benefits for decarbonization.pdf",315,239,21017,7.94,10.46,1.19
"Information",40,72.7,"Participation_Levels","The benefits for decarbonization.pdf",315,55,21017,12.7,72.73,1.9
"Consultation",2,3.6,"Participation_Levels","The benefits for decarbonization.pdf",315,55,21017,0.63,3.64,0.1
"Collaboration",13,23.6,"Participation_Levels","The benefits for decarbonization.pdf",315,55,21017,4.13,23.64,0.62
"Methodological",3,33.3,"Challenges","The benefits for decarbonization.pdf",315,9,21017,0.95,33.33,0.14
"Methodological",3,33.3,"Challenges","The benefits for decarbonization.pdf",315,9,21017,0.95,33.33,0.14
"Methodological",3,33.3,"Challenges","The benefits for decarbonization.pdf",315,9,21017,0.95,33.33,0.14
"Extractors",6,10.2,"Decision_Actors","The Implications of Global Change for the Co-Evolution of Argentina's Integrated Energy-Water-Land Systems.pdf",80,59,14310,7.5,10.17,0.42
"Injectors",21,35.6,"Decision_Actors","The Implications of Global Change for the Co-Evolution of Argentina's Integrated Energy-Water-Land Systems.pdf",80,59,14310,26.25,35.59,1.47
"Beneficiaries",7,11.9,"Decision_Actors","The Implications of Global Change for the Co-Evolution of Argentina's Integrated Energy-Water-Land Systems.pdf",80,59,14310,8.75,11.86,0.49
"Affected",6,10.2,"Decision_Actors","The Implications of Global Change for the Co-Evolution of Argentina's Integrated Energy-Water-Land Systems.pdf",80,59,14310,7.5,10.17,0.42
"Regulators",15,25.4,"Decision_Actors","The Implications of Global Change for the Co-Evolution of Argentina's Integrated Energy-Water-Land Systems.pdf",80,59,14310,18.75,25.42,1.05
"Influencers",4,6.8,"Decision_Actors","The Implications of Global Change for the Co-Evolution of Argentina's Integrated Energy-Water-Land Systems.pdf",80,59,14310,5,6.78,0.28
"Information",18,85.7,"Participation_Levels","The Implications of Global Change for the Co-Evolution of Argentina's Integrated Energy-Water-Land Systems.pdf",80,21,14310,22.5,85.71,1.26
"Collaboration",3,14.3,"Participation_Levels","The Implications of Global Change for the Co-Evolution of Argentina's Integrated Energy-Water-Land Systems.pdf",80,21,14310,3.75,14.29,0.21
"Deep uncertainty",23,100,"Uncertainty_Types","The influence of deep uncertainty.pdf",52,23,4712,44.23,100,4.88
"Injectors",7,31.8,"Decision_Actors","The influence of deep uncertainty.pdf",52,22,4712,13.46,31.82,1.49
"Beneficiaries",1,4.5,"Decision_Actors","The influence of deep uncertainty.pdf",52,22,4712,1.92,4.55,0.21
"Affected",2,9.1,"Decision_Actors","The influence of deep uncertainty.pdf",52,22,4712,3.85,9.09,0.42
"Regulators",7,31.8,"Decision_Actors","The influence of deep uncertainty.pdf",52,22,4712,13.46,31.82,1.49
"Influencers",5,22.7,"Decision_Actors","The influence of deep uncertainty.pdf",52,22,4712,9.62,22.73,1.06
"Information",5,83.3,"Participation_Levels","The influence of deep uncertainty.pdf",52,6,4712,9.62,83.33,1.06
"Consultation",1,16.7,"Participation_Levels","The influence of deep uncertainty.pdf",52,6,4712,1.92,16.67,0.21
"Institutional",1,100,"Challenges","The influence of deep uncertainty.pdf",52,1,4712,1.92,100,0.21
"Deep uncertainty",2,100,"Uncertainty_Types","Trade and Climate Mitigation Interactions Create Agro-Economic Opportunities With Social and Environmental Trade-Offs in Latin America and the Caribbean.pdf",89,2,8862,2.25,100,0.23
"Extractors",3,6.1,"Decision_Actors","Trade and Climate Mitigation Interactions Create Agro-Economic Opportunities With Social and Environmental Trade-Offs in Latin America and the Caribbean.pdf",89,49,8862,3.37,6.12,0.34
"Injectors",3,6.1,"Decision_Actors","Trade and Climate Mitigation Interactions Create Agro-Economic Opportunities With Social and Environmental Trade-Offs in Latin America and the Caribbean.pdf",89,49,8862,3.37,6.12,0.34
"Beneficiaries",34,69.4,"Decision_Actors","Trade and Climate Mitigation Interactions Create Agro-Economic Opportunities With Social and Environmental Trade-Offs in Latin America and the Caribbean.pdf",89,49,8862,38.2,69.39,3.84
"Affected",4,8.2,"Decision_Actors","Trade and Climate Mitigation Interactions Create Agro-Economic Opportunities With Social and Environmental Trade-Offs in Latin America and the Caribbean.pdf",89,49,8862,4.49,8.16,0.45
"Regulators",5,10.2,"Decision_Actors","Trade and Climate Mitigation Interactions Create Agro-Economic Opportunities With Social and Environmental Trade-Offs in Latin America and the Caribbean.pdf",89,49,8862,5.62,10.2,0.56
"Information",38,100,"Participation_Levels","Trade and Climate Mitigation Interactions Create Agro-Economic Opportunities With Social and Environmental Trade-Offs in Latin America and the Caribbean.pdf",89,38,8862,42.7,100,4.29
"Knightian",2,6.7,"Uncertainty_Types","Unveiling uncertainties to enhance sustainability.pdf",167,30,6306,1.2,6.67,0.32
"Ontological",1,3.3,"Uncertainty_Types","Unveiling uncertainties to enhance sustainability.pdf",167,30,6306,0.6,3.33,0.16
"Deep uncertainty",22,73.3,"Uncertainty_Types","Unveiling uncertainties to enhance sustainability.pdf",167,30,6306,13.17,73.33,3.49
"Normative",2,6.7,"Uncertainty_Types","Unveiling uncertainties to enhance sustainability.pdf",167,30,6306,1.2,6.67,0.32
"Ambiguity",3,10,"Uncertainty_Types","Unveiling uncertainties to enhance sustainability.pdf",167,30,6306,1.8,10,0.48
"Extractors",2,2,"Decision_Actors","Unveiling uncertainties to enhance sustainability.pdf",167,101,6306,1.2,1.98,0.32
"Injectors",62,61.4,"Decision_Actors","Unveiling uncertainties to enhance sustainability.pdf",167,101,6306,37.13,61.39,9.83
"Beneficiaries",9,8.9,"Decision_Actors","Unveiling uncertainties to enhance sustainability.pdf",167,101,6306,5.39,8.91,1.43
"Affected",6,5.9,"Decision_Actors","Unveiling uncertainties to enhance sustainability.pdf",167,101,6306,3.59,5.94,0.95
"Regulators",13,12.9,"Decision_Actors","Unveiling uncertainties to enhance sustainability.pdf",167,101,6306,7.78,12.87,2.06
"Influencers",9,8.9,"Decision_Actors","Unveiling uncertainties to enhance sustainability.pdf",167,101,6306,5.39,8.91,1.43
"Information",12,33.3,"Participation_Levels","Unveiling uncertainties to enhance sustainability.pdf",167,36,6306,7.19,33.33,1.9
"Collaboration",15,41.7,"Participation_Levels","Unveiling uncertainties to enhance sustainability.pdf",167,36,6306,8.98,41.67,2.38
"Co-decision",4,11.1,"Participation_Levels","Unveiling uncertainties to enhance sustainability.pdf",167,36,6306,2.4,11.11,0.63
"Empowerment",5,13.9,"Participation_Levels","Unveiling uncertainties to enhance sustainability.pdf",167,36,6306,2.99,13.89,0.79
"Extractors",2,1.6,"Decision_Actors","UP 8 (2) - Social-Ecological Knowledge Integration in Co-Design Processes_ Lessons From Two Resilient Urban Parks in Chile.pdf",190,129,7168,1.05,1.55,0.28
"Injectors",7,5.4,"Decision_Actors","UP 8 (2) - Social-Ecological Knowledge Integration in Co-Design Processes_ Lessons From Two Resilient Urban Parks in Chile.pdf",190,129,7168,3.68,5.43,0.98
"Beneficiaries",80,62,"Decision_Actors","UP 8 (2) - Social-Ecological Knowledge Integration in Co-Design Processes_ Lessons From Two Resilient Urban Parks in Chile.pdf",190,129,7168,42.11,62.02,11.16
"Affected",12,9.3,"Decision_Actors","UP 8 (2) - Social-Ecological Knowledge Integration in Co-Design Processes_ Lessons From Two Resilient Urban Parks in Chile.pdf",190,129,7168,6.32,9.3,1.67
"Regulators",2,1.6,"Decision_Actors","UP 8 (2) - Social-Ecological Knowledge Integration in Co-Design Processes_ Lessons From Two Resilient Urban Parks in Chile.pdf",190,129,7168,1.05,1.55,0.28
"Influencers",26,20.2,"Decision_Actors","UP 8 (2) - Social-Ecological Knowledge Integration in Co-Design Processes_ Lessons From Two Resilient Urban Parks in Chile.pdf",190,129,7168,13.68,20.16,3.63
"Information",29,50.9,"Participation_Levels","UP 8 (2) - Social-Ecological Knowledge Integration in Co-Design Processes_ Lessons From Two Resilient Urban Parks in Chile.pdf",190,57,7168,15.26,50.88,4.05
"Consultation",1,1.8,"Participation_Levels","UP 8 (2) - Social-Ecological Knowledge Integration in Co-Design Processes_ Lessons From Two Resilient Urban Parks in Chile.pdf",190,57,7168,0.53,1.75,0.14
"Collaboration",27,47.4,"Participation_Levels","UP 8 (2) - Social-Ecological Knowledge Integration in Co-Design Processes_ Lessons From Two Resilient Urban Parks in Chile.pdf",190,57,7168,14.21,47.37,3.77
"Epistemological",1,25,"Challenges","UP 8 (2) - Social-Ecological Knowledge Integration in Co-Design Processes_ Lessons From Two Resilient Urban Parks in Chile.pdf",190,4,7168,0.53,25,0.14
"Epistemological",1,25,"Challenges","UP 8 (2) - Social-Ecological Knowledge Integration in Co-Design Processes_ Lessons From Two Resilient Urban Parks in Chile.pdf",190,4,7168,0.53,25,0.14
"Epistemological",2,50,"Challenges","UP 8 (2) - Social-Ecological Knowledge Integration in Co-Design Processes_ Lessons From Two Resilient Urban Parks in Chile.pdf",190,4,7168,1.05,50,0.28
"Extractors",2,1,"Decision_Actors","Using Media Framing to Explore the Food-Energy-Water Nexus.pdf",236,209,6100,0.85,0.96,0.33
"Injectors",11,5.3,"Decision_Actors","Using Media Framing to Explore the Food-Energy-Water Nexus.pdf",236,209,6100,4.66,5.26,1.8
"Beneficiaries",21,10,"Decision_Actors","Using Media Framing to Explore the Food-Energy-Water Nexus.pdf",236,209,6100,8.9,10.05,3.44
"Affected",3,1.4,"Decision_Actors","Using Media Framing to Explore the Food-Energy-Water Nexus.pdf",236,209,6100,1.27,1.44,0.49
"Regulators",29,13.9,"Decision_Actors","Using Media Framing to Explore the Food-Energy-Water Nexus.pdf",236,209,6100,12.29,13.88,4.75
"Influencers",143,68.4,"Decision_Actors","Using Media Framing to Explore the Food-Energy-Water Nexus.pdf",236,209,6100,60.59,68.42,23.44
"Information",11,50,"Participation_Levels","Using Media Framing to Explore the Food-Energy-Water Nexus.pdf",236,22,6100,4.66,50,1.8
"Consultation",3,13.6,"Participation_Levels","Using Media Framing to Explore the Food-Energy-Water Nexus.pdf",236,22,6100,1.27,13.64,0.49
"Collaboration",8,36.4,"Participation_Levels","Using Media Framing to Explore the Food-Energy-Water Nexus.pdf",236,22,6100,3.39,36.36,1.31
"Institutional",5,100,"Challenges","Using Media Framing to Explore the Food-Energy-Water Nexus.pdf",236,5,6100,2.12,100,0.82
